collection_name	track_name	artist_name	track_number	release_date	apple_collection_view_url	apple_track_view_url	youtube_collection_name	youtube_track_name	youtube_collection_view_url	youtube_track_view_url
東方ホムーラン	BORDER OF え…?	COOL&CREATE	1	2005-05-04 12:00:00 UTC	https://music.apple.com/jp/album/toho-homu-ran/1492786623?uo=4	https://music.apple.com/jp/album/border-of-%E3%81%88/1492786623?i=1492786624&uo=4	東方ストライク	BORDER OF STRIKE!	https://music.youtube.com/browse/MPREb_ME8BAzfVj9L	https://music.youtube.com/watch?v=d2egUyIpI4E
幺樂団の歴史3 Akyu's Untouched Score vol.3	She's in a temper!!	ZUN	3	2006-12-31 12:00:00 UTC	https://music.apple.com/jp/album/yogakudannorekishi3/1438613695?uo=4	https://music.apple.com/jp/album/shes-in-a-temper/1438613695?i=1438613698&uo=4	幺樂団の歴史3 Akyu's Untouched Score vol.3	She's in a temper!!	https://music.youtube.com/browse/MPREb_OYnnzIpa3IL	https://music.youtube.com/watch?v=iipspfakGjU
幺樂団の歴史4 Akyu's Untouched Score vol.4	Reincarnation	ZUN	4	2007-12-31 12:00:00 UTC	https://music.apple.com/jp/album/akyus-untouched-score-vol-4/1437763617?uo=4	https://music.apple.com/jp/album/reincarnation/1437763617?i=1437763621&uo=4	不明	不明	不明	不明
感情ケミストリー - Single (feat. senya) - Single	感情ケミストリー(with senya)	幽閉サテライト	1	2010-08-14 12:00:00 UTC	https://music.apple.com/jp/album/kanjou-chemistry-feat-senya-single/1456066614?uo=4	https://music.apple.com/jp/album/%E6%84%9F%E6%83%85%E3%82%B1%E3%83%9F%E3%82%B9%E3%83%88%E3%83%AA%E3%83%BC-with-senya/1456066614?i=1456066615&uo=4	感情ケミストリー	感情ケミストリー(with senya)	https://music.youtube.com/browse/MPREb_491vhDVSOrJ	https://music.youtube.com/watch?v=djMZL8pUz3Q
感情ケミストリー - Single (feat. senya) - Single	ダフネ幻想歌 -Solo Version-(with senya)	幽閉サテライト	2	2010-08-14 12:00:00 UTC	https://music.apple.com/jp/album/kanjou-chemistry-feat-senya-single/1456066614?uo=4	https://music.apple.com/jp/album/%E3%83%80%E3%83%95%E3%83%8D%E5%B9%BB%E6%83%B3%E6%AD%8C-solo-version-with-senya/1456066614?i=1456066676&uo=4	感情ケミストリー	ダフネ幻想歌 -Solo Version-(with senya)	https://music.youtube.com/browse/MPREb_491vhDVSOrJ	https://music.youtube.com/watch?v=lrUMIFVe_A4
感情ケミストリー - Single (feat. senya) - Single	零れ桜(with senya)	幽閉サテライト	3	2010-08-14 12:00:00 UTC	https://music.apple.com/jp/album/kanjou-chemistry-feat-senya-single/1456066614?uo=4	https://music.apple.com/jp/album/%E9%9B%B6%E3%82%8C%E6%A1%9C-with-senya/1456066614?i=1456066677&uo=4	感情ケミストリー	零れ桜(with senya)	https://music.youtube.com/browse/MPREb_491vhDVSOrJ	https://music.youtube.com/watch?v=u6CmlcLV3ws
メビウス - Single (with senya) - Single	メビウス(with senya)	幽閉サテライト	1	2012-03-11 12:00:00 UTC	https://music.apple.com/jp/album/mobius-single-with-senya-single/1456067140?uo=4	https://music.apple.com/jp/album/%E3%83%A1%E3%83%93%E3%82%A6%E3%82%B9-with-senya/1456067140?i=1456067141&uo=4	メビウス	メビウス(with senya)	https://music.youtube.com/browse/MPREb_jbsQUKIFkmN	https://music.youtube.com/watch?v=xfYMGCtMltE
メビウス - Single (with senya) - Single	メビウス(with senya)	幽閉サテライト	2	2012-03-11 12:00:00 UTC	https://music.apple.com/jp/album/mobius-single-with-senya-single/1456067140?uo=4	https://music.apple.com/jp/album/%E3%83%A1%E3%83%93%E3%82%A6%E3%82%B9-with-senya-instrumental/1456067140?i=1456067142&uo=4	メビウス	メビウス(with senya)	https://music.youtube.com/browse/MPREb_jbsQUKIFkmN	https://music.youtube.com/watch?v=xfYMGCtMltE
東方うたうちれいでん (KARAOKE Ver)	有頂天マゾヒスティック(KARAOKE Ver)	IOSYS	1	2012-07-14 12:00:00 UTC	https://music.apple.com/jp/album/toho-utau-chireiden-karaoke-ver/1437878423?uo=4	https://music.apple.com/jp/album/%E6%9C%89%E9%A0%82%E5%A4%A9%E3%83%9E%E3%82%BE%E3%83%92%E3%82%B9%E3%83%86%E3%82%A3%E3%83%83%E3%82%AF-karaoke-ver/1437878423?i=1437878429&uo=4	東方うたうちれいでん	有頂天マゾヒスティック(KARAOKE Ver)	https://music.youtube.com/browse/MPREb_0vvw2IwJxw2	https://music.youtube.com/watch?v=8c977LEx-XA
東方うたうちれいでん (KARAOKE Ver)	ハートフルネコロマンサー(KARAOKE Ver)	IOSYS	2	2012-07-14 12:00:00 UTC	https://music.apple.com/jp/album/toho-utau-chireiden-karaoke-ver/1437878423?uo=4	https://music.apple.com/jp/album/%E3%83%8F%E3%83%BC%E3%83%88%E3%83%95%E3%83%AB%E3%83%8D%E3%82%B3%E3%83%AD%E3%83%9E%E3%83%B3%E3%82%B5%E3%83%BC-karaoke-ver/1437878423?i=1437878430&uo=4	東方うたうちれいでん	ハートフルネコロマンサー(KARAOKE Ver)	https://music.youtube.com/browse/MPREb_0vvw2IwJxw2	https://music.youtube.com/watch?v=Zq7t1IcTjEI
東方うたうちれいでん (KARAOKE Ver)	大江山ジャイアントスイング(KARAOKE Ver)	IOSYS	3	2012-07-14 12:00:00 UTC	https://music.apple.com/jp/album/toho-utau-chireiden-karaoke-ver/1437878423?uo=4	https://music.apple.com/jp/album/%E5%A4%A7%E6%B1%9F%E5%B1%B1%E3%82%B8%E3%83%A3%E3%82%A4%E3%82%A2%E3%83%B3%E3%83%88%E3%82%B9%E3%82%A4%E3%83%B3%E3%82%B0-karaoke-ver/1437878423?i=1437878431&uo=4	東方うたうちれいでん	大江山ジャイアントスイング(KARAOKE Ver)	https://music.youtube.com/browse/MPREb_0vvw2IwJxw2	https://music.youtube.com/watch?v=eizi3xK5Ykc
東方うたうちれいでん (KARAOKE Ver)	究極焼肉レストラン!お燐の地獄亭!(KARAOKE Ver)	IOSYS	4	2012-07-14 12:00:00 UTC	https://music.apple.com/jp/album/toho-utau-chireiden-karaoke-ver/1437878423?uo=4	https://music.apple.com/jp/album/%E7%A9%B6%E6%A5%B5%E7%84%BC%E8%82%89%E3%83%AC%E3%82%B9%E3%83%88%E3%83%A9%E3%83%B3-%E3%81%8A%E7%87%90%E3%81%AE%E5%9C%B0%E7%8D%84%E4%BA%AD-karaoke-ver/1437878423?i=1437878432&uo=4	東方うたうちれいでん	究極焼肉レストラン!お燐の地獄亭!(KARAOKE Ver)	https://music.youtube.com/browse/MPREb_0vvw2IwJxw2	https://music.youtube.com/watch?v=_HhTYMkpDWs
東方うたうちれいでん (KARAOKE Ver)	お人形遊び(KARAOKE Ver)	IOSYS	5	2012-07-14 12:00:00 UTC	https://music.apple.com/jp/album/toho-utau-chireiden-karaoke-ver/1437878423?uo=4	https://music.apple.com/jp/album/%E3%81%8A%E4%BA%BA%E5%BD%A2%E9%81%8A%E3%81%B3-karaoke-ver/1437878423?i=1437878433&uo=4	東方うたうちれいでん	お人形遊び(KARAOKE Ver)	https://music.youtube.com/browse/MPREb_0vvw2IwJxw2	https://music.youtube.com/watch?v=46WMLhq9YAA
東方うたうちれいでん (KARAOKE Ver)	お空のニュークリアフュージョン道場(KARAOKE Ver)	IOSYS	6	2012-07-14 12:00:00 UTC	https://music.apple.com/jp/album/toho-utau-chireiden-karaoke-ver/1437878423?uo=4	https://music.apple.com/jp/album/%E3%81%8A%E7%A9%BA%E3%81%AE%E3%83%8B%E3%83%A5%E3%83%BC%E3%82%AF%E3%83%AA%E3%82%A2%E3%83%95%E3%83%A5%E3%83%BC%E3%82%B8%E3%83%A7%E3%83%B3%E9%81%93%E5%A0%B4-karaoke-ver/1437878423?i=1437878434&uo=4	東方うたうちれいでん	お空のニュークリアフュージョン道場(KARAOKE Ver)	https://music.youtube.com/browse/MPREb_0vvw2IwJxw2	https://music.youtube.com/watch?v=-70i0cM1EeQ
東方うたうちれいでん (KARAOKE Ver)	こんなにかわいいスカーレッツが私のお嬢様なはずがない(KARAOKE Ver)	IOSYS	7	2012-07-14 12:00:00 UTC	https://music.apple.com/jp/album/toho-utau-chireiden-karaoke-ver/1437878423?uo=4	https://music.apple.com/jp/album/%E3%81%93%E3%82%93%E3%81%AA%E3%81%AB%E3%81%8B%E3%82%8F%E3%81%84%E3%81%84%E3%82%B9%E3%82%AB%E3%83%BC%E3%83%AC%E3%83%83%E3%83%84%E3%81%8C%E7%A7%81%E3%81%AE%E3%81%8A%E5%AC%A2%E6%A7%98%E3%81%AA%E3%81%AF%E3%81%9A%E3%81%8C%E3%81%AA%E3%81%84-karaoke-ver/1437878423?i=1437878435&uo=4	東方うたうちれいでん	こんなにかわいいスカーレッツが私のお嬢様なはずがない(KARAOKE Ver)	https://music.youtube.com/browse/MPREb_0vvw2IwJxw2	https://music.youtube.com/watch?v=voz9nuEwYEg
東方うたうちれいでん (KARAOKE Ver)	ジンゴー!ジンゴー!(KARAOKE Ver)	IOSYS	8	2012-07-14 12:00:00 UTC	https://music.apple.com/jp/album/toho-utau-chireiden-karaoke-ver/1437878423?uo=4	https://music.apple.com/jp/album/%E3%82%B8%E3%83%B3%E3%82%B4%E3%83%BC-%E3%82%B8%E3%83%B3%E3%82%B4%E3%83%BC-karaoke-ver/1437878423?i=1437878436&uo=4	東方うたうちれいでん	ジンゴー!ジンゴー!(KARAOKE Ver)	https://music.youtube.com/browse/MPREb_0vvw2IwJxw2	https://music.youtube.com/watch?v=2e-uCN6oUWA
東方うたうちれいでん (KARAOKE Ver)	midnight lightning bolt(KARAOKE Ver)	IOSYS	9	2012-07-14 12:00:00 UTC	https://music.apple.com/jp/album/toho-utau-chireiden-karaoke-ver/1437878423?uo=4	https://music.apple.com/jp/album/midnight-lightning-bolt-karaoke-ver/1437878423?i=1437878437&uo=4	東方うたうちれいでん	midnight lightning bolt(KARAOKE Ver)	https://music.youtube.com/browse/MPREb_0vvw2IwJxw2	https://music.youtube.com/watch?v=7C0T8Ys1dyw
東方うたうちれいでん (KARAOKE Ver)	紫雨UNITED まさかのアリス突撃編(KARAOKE Ver)	IOSYS	10	2012-07-14 12:00:00 UTC	https://music.apple.com/jp/album/toho-utau-chireiden-karaoke-ver/1437878423?uo=4	https://music.apple.com/jp/album/%E7%B4%AB%E9%9B%A8united-%E3%81%BE%E3%81%95%E3%81%8B%E3%81%AE%E3%82%A2%E3%83%AA%E3%82%B9%E7%AA%81%E6%92%83%E7%B7%A8-karaoke-ver/1437878423?i=1437878438&uo=4	東方うたうちれいでん	紫雨UNITED まさかのアリス突撃編(KARAOKE Ver)	https://music.youtube.com/browse/MPREb_0vvw2IwJxw2	https://music.youtube.com/watch?v=FpaM_XDA-p4
東方うたうちれいでん (KARAOKE Ver)	はたてのバッコイ殺人事件(KARAOKE Ver)	IOSYS	11	2012-07-14 12:00:00 UTC	https://music.apple.com/jp/album/toho-utau-chireiden-karaoke-ver/1437878423?uo=4	https://music.apple.com/jp/album/%E3%81%AF%E3%81%9F%E3%81%A6%E3%81%AE%E3%83%90%E3%83%83%E3%82%B3%E3%82%A4%E6%AE%BA%E4%BA%BA%E4%BA%8B%E4%BB%B6-karaoke-ver/1437878423?i=1437878439&uo=4	東方うたうちれいでん	はたてのバッコイ殺人事件(KARAOKE Ver)	https://music.youtube.com/browse/MPREb_0vvw2IwJxw2	https://music.youtube.com/watch?v=Uwue638cF0c
東方うたうちれいでん (KARAOKE Ver)	信撃リザレクション(KARAOKE Ver)	IOSYS	12	2012-07-14 12:00:00 UTC	https://music.apple.com/jp/album/toho-utau-chireiden-karaoke-ver/1437878423?uo=4	https://music.apple.com/jp/album/%E4%BF%A1%E6%92%83%E3%83%AA%E3%82%B6%E3%83%AC%E3%82%AF%E3%82%B7%E3%83%A7%E3%83%B3-karaoke-ver/1437878423?i=1437878440&uo=4	東方うたうちれいでん	信撃リザレクション(KARAOKE Ver)	https://music.youtube.com/browse/MPREb_0vvw2IwJxw2	https://music.youtube.com/watch?v=NoM5H1e-4uQ
東方うたうちれいでん (KARAOKE Ver)	Bad Apple & Good Orange(KARAOKE Ver)	IOSYS	13	2012-07-14 12:00:00 UTC	https://music.apple.com/jp/album/toho-utau-chireiden-karaoke-ver/1437878423?uo=4	https://music.apple.com/jp/album/bad-apple-good-orange-karaoke-ver/1437878423?i=1437878531&uo=4	東方うたうちれいでん	Bad Apple & Good Orange(KARAOKE Ver)	https://music.youtube.com/browse/MPREb_0vvw2IwJxw2	https://music.youtube.com/watch?v=KHkGVGYsSnc
東方うたうちれいでん (KARAOKE Ver)	why I wanna know(KARAOKE Ver)	IOSYS	14	2012-07-14 12:00:00 UTC	https://music.apple.com/jp/album/toho-utau-chireiden-karaoke-ver/1437878423?uo=4	https://music.apple.com/jp/album/why-i-wanna-know-karaoke-ver/1437878423?i=1437878532&uo=4	東方うたうちれいでん	why I wanna know(KARAOKE Ver)	https://music.youtube.com/browse/MPREb_0vvw2IwJxw2	https://music.youtube.com/watch?v=TjMVUWpO6UU
東方うたうちれいでん (KARAOKE Ver)	チャンティック三妖精のイタズラ大戦争(KARAOKE Ver)	IOSYS	15	2012-07-14 12:00:00 UTC	https://music.apple.com/jp/album/toho-utau-chireiden-karaoke-ver/1437878423?uo=4	https://music.apple.com/jp/album/%E3%83%81%E3%83%A3%E3%83%B3%E3%83%86%E3%82%A3%E3%83%83%E3%82%AF%E4%B8%89%E5%A6%96%E7%B2%BE%E3%81%AE%E3%82%A4%E3%82%BF%E3%82%BA%E3%83%A9%E5%A4%A7%E6%88%A6%E4%BA%89-karaoke-ver/1437878423?i=1437878533&uo=4	東方うたうちれいでん	チャンティック三妖精のイタズラ大戦争(KARAOKE Ver)	https://music.youtube.com/browse/MPREb_0vvw2IwJxw2	https://music.youtube.com/watch?v=cUFcGU6CLDA
東方うたうちれいでん (KARAOKE Ver)	紅い咆哮(KARAOKE Ver)	IOSYS	16	2012-07-14 12:00:00 UTC	https://music.apple.com/jp/album/toho-utau-chireiden-karaoke-ver/1437878423?uo=4	https://music.apple.com/jp/album/%E7%B4%85%E3%81%84%E5%92%86%E5%93%AE-karaoke-ver/1437878423?i=1437878534&uo=4	東方うたうちれいでん	紅い咆哮(KARAOKE Ver)	https://music.youtube.com/browse/MPREb_0vvw2IwJxw2	https://music.youtube.com/watch?v=3VCoykbQAcI
東方うたうちれいでん (KARAOKE Ver)	be in love with you(KARAOKE Ver)	IOSYS	17	2012-07-14 12:00:00 UTC	https://music.apple.com/jp/album/toho-utau-chireiden-karaoke-ver/1437878423?uo=4	https://music.apple.com/jp/album/be-in-love-with-you-karaoke-ver/1437878423?i=1437878535&uo=4	東方うたうちれいでん	be in love with you(KARAOKE Ver)	https://music.youtube.com/browse/MPREb_0vvw2IwJxw2	https://music.youtube.com/watch?v=hUaJC0Ebpnc
東方うたうちれいでん (KARAOKE Ver)	恋の氷結おてんば湯けむりチルノ温泉(KARAOKE Ver)	IOSYS	18	2012-07-14 12:00:00 UTC	https://music.apple.com/jp/album/toho-utau-chireiden-karaoke-ver/1437878423?uo=4	https://music.apple.com/jp/album/%E6%81%8B%E3%81%AE%E6%B0%B7%E7%B5%90%E3%81%8A%E3%81%A6%E3%82%93%E3%81%B0%E6%B9%AF%E3%81%91%E3%82%80%E3%82%8A%E3%83%81%E3%83%AB%E3%83%8E%E6%B8%A9%E6%B3%89-karaoke-ver/1437878423?i=1437878536&uo=4	東方うたうちれいでん	恋の氷結おてんば湯けむりチルノ温泉(KARAOKE Ver)	https://music.youtube.com/browse/MPREb_0vvw2IwJxw2	https://music.youtube.com/watch?v=3rj_Y1xEzkY
JULIANA’S TOHO Vol.2	Marisa is Back (feat. 桃箱)	katsu	2	2012-12-30 12:00:00 UTC	https://music.apple.com/jp/album/julianas-toho-vol-2/1437891625?uo=4	https://music.apple.com/jp/album/marisa-is-back-feat-%E6%A1%83%E7%AE%B1/1437891625?i=1437891629&uo=4	JULIANA’S TOHO Vol.2	Marisa is Back（feat. momobako）	https://music.youtube.com/browse/MPREb_HMFVWvOuJLv	https://music.youtube.com/watch?v=frg_I83QsE0
東方変波相	東方の主題に拠る序曲	外柿山	1	2013-01-27 12:00:00 UTC	https://music.apple.com/jp/album/touhou-hempasou/1528288061?uo=4	https://music.apple.com/jp/album/%E6%9D%B1%E6%96%B9%E3%81%AE%E4%B8%BB%E9%A1%8C%E3%81%AB%E6%8B%A0%E3%82%8B%E5%BA%8F%E6%9B%B2/1528288061?i=1528288062&uo=4	東方変波相 (変容する波形と位相。)	東方の主題に拠る序曲	https://music.youtube.com/browse/MPREb_qO0wFoEM1Lx	https://music.youtube.com/watch?v=rhD-a_9_Z9E
東方変波相	チルノフェイズ	外柿山	2	2013-01-27 12:00:00 UTC	https://music.apple.com/jp/album/touhou-hempasou/1528288061?uo=4	https://music.apple.com/jp/album/%E3%83%81%E3%83%AB%E3%83%8E%E3%83%95%E3%82%A7%E3%82%A4%E3%82%BA/1528288061?i=1528288063&uo=4	東方変波相 (変容する波形と位相。)	チルノフェイズ	https://music.youtube.com/browse/MPREb_qO0wFoEM1Lx	https://music.youtube.com/watch?v=n0PAbUk51IU
東方変波相	射命丸カウンターポイント	外柿山	3	2013-01-27 12:00:00 UTC	https://music.apple.com/jp/album/touhou-hempasou/1528288061?uo=4	https://music.apple.com/jp/album/%E5%B0%84%E5%91%BD%E4%B8%B8%E3%82%AB%E3%82%A6%E3%83%B3%E3%82%BF%E3%83%BC%E3%83%9D%E3%82%A4%E3%83%B3%E3%83%88/1528288061?i=1528288064&uo=4	東方変波相 (変容する波形と位相。)	射命丸カウンターポイント	https://music.youtube.com/browse/MPREb_qO0wFoEM1Lx	https://music.youtube.com/watch?v=FSZDbwJQAjo
東方変波相	小さな欲望の星空	外柿山	4	2013-01-27 12:00:00 UTC	https://music.apple.com/jp/album/touhou-hempasou/1528288061?uo=4	https://music.apple.com/jp/album/%E5%B0%8F%E3%81%95%E3%81%AA%E6%AC%B2%E6%9C%9B%E3%81%AE%E6%98%9F%E7%A9%BA/1528288061?i=1528288065&uo=4	東方変波相 (変容する波形と位相。)	小さな欲望の星空	https://music.youtube.com/browse/MPREb_qO0wFoEM1Lx	https://music.youtube.com/watch?v=PMF6C9sAR58
東方変波相	いちごフェイズ	外柿山	5	2013-01-27 12:00:00 UTC	https://music.apple.com/jp/album/touhou-hempasou/1528288061?uo=4	https://music.apple.com/jp/album/%E3%81%84%E3%81%A1%E3%81%94%E3%83%95%E3%82%A7%E3%82%A4%E3%82%BA/1528288061?i=1528288066&uo=4	東方変波相 (変容する波形と位相。)	いちごフェイズ	https://music.youtube.com/browse/MPREb_qO0wFoEM1Lx	https://music.youtube.com/watch?v=3E11rAzXWO0
東方変波相	幻想科学変波相	外柿山	6	2013-01-27 12:00:00 UTC	https://music.apple.com/jp/album/touhou-hempasou/1528288061?uo=4	https://music.apple.com/jp/album/%E5%B9%BB%E6%83%B3%E7%A7%91%E5%AD%A6%E5%A4%89%E6%B3%A2%E7%9B%B8/1528288061?i=1528288067&uo=4	東方変波相 (変容する波形と位相。)	幻想科学変波相	https://music.youtube.com/browse/MPREb_qO0wFoEM1Lx	https://music.youtube.com/watch?v=XOjQFhodbtQ
東方変波相	Demystify Feast	外柿山	7	2013-01-27 12:00:00 UTC	https://music.apple.com/jp/album/touhou-hempasou/1528288061?uo=4	https://music.apple.com/jp/album/demystify-feast/1528288061?i=1528288068&uo=4	東方変波相 (変容する波形と位相。)	Demystify Feast	https://music.youtube.com/browse/MPREb_qO0wFoEM1Lx	https://music.youtube.com/watch?v=yvKt4X2QE54
東方変波相	永遠の巫女への暗示	外柿山	8	2013-01-27 12:00:00 UTC	https://music.apple.com/jp/album/touhou-hempasou/1528288061?uo=4	https://music.apple.com/jp/album/%E6%B0%B8%E9%81%A0%E3%81%AE%E5%B7%AB%E5%A5%B3%E3%81%B8%E3%81%AE%E6%9A%97%E7%A4%BA/1528288061?i=1528288069&uo=4	東方変波相 (変容する波形と位相。)	永遠の巫女への暗示	https://music.youtube.com/browse/MPREb_qO0wFoEM1Lx	https://music.youtube.com/watch?v=9T29bcrXvQA
東方変波相	始まらないレクイエム	外柿山	9	2013-01-27 12:00:00 UTC	https://music.apple.com/jp/album/touhou-hempasou/1528288061?uo=4	https://music.apple.com/jp/album/%E5%A7%8B%E3%81%BE%E3%82%89%E3%81%AA%E3%81%84%E3%83%AC%E3%82%AF%E3%82%A4%E3%82%A8%E3%83%A0/1528288061?i=1528288072&uo=4	東方変波相 (変容する波形と位相。)	始まらないレクイエム	https://music.youtube.com/browse/MPREb_qO0wFoEM1Lx	https://music.youtube.com/watch?v=am-BIgooqc8
東方変波相	こいしフェイズ	外柿山	10	2013-01-27 12:00:00 UTC	https://music.apple.com/jp/album/touhou-hempasou/1528288061?uo=4	https://music.apple.com/jp/album/%E3%81%93%E3%81%84%E3%81%97%E3%83%95%E3%82%A7%E3%82%A4%E3%82%BA/1528288061?i=1528288073&uo=4	東方変波相 (変容する波形と位相。)	こいしフェイズ	https://music.youtube.com/browse/MPREb_qO0wFoEM1Lx	https://music.youtube.com/watch?v=jOSkVOiUw-E
東方変波相	無間地獄	外柿山	11	2013-01-27 12:00:00 UTC	https://music.apple.com/jp/album/touhou-hempasou/1528288061?uo=4	https://music.apple.com/jp/album/%E7%84%A1%E9%96%93%E5%9C%B0%E7%8D%84/1528288061?i=1528288074&uo=4	東方変波相 (変容する波形と位相。)	無間地獄	https://music.youtube.com/browse/MPREb_qO0wFoEM1Lx	https://music.youtube.com/watch?v=Ov1ZoY05BSQ
PUNK IT!TOUHOU! IOSYS HITS PUNK COVERS (IOSYS HITS PUNK COVERS)	チルノのパーフェクトさんすう教室(PUNK COVER)	IOSYS	1	2013-03-31 12:00:00 UTC	https://music.apple.com/jp/album/punk-it-touhou-iosys-hits-punk-covers/1437880404?uo=4	https://music.apple.com/jp/album/%E3%83%81%E3%83%AB%E3%83%8E%E3%81%AE%E3%83%91%E3%83%BC%E3%83%95%E3%82%A7%E3%82%AF%E3%83%88%E3%81%95%E3%82%93%E3%81%99%E3%81%86%E6%95%99%E5%AE%A4-punk-cover/1437880404?i=1437880405&uo=4	PUNK IT!TOUHOU! -IOSYS HITS PUNK COVERS-	チルノのパーフェクトさんすう教室(PUNK COVER)	https://music.youtube.com/browse/MPREb_iW0S4p1xJ1F	https://music.youtube.com/watch?v=z3S2n-W9_cQ
PUNK IT!TOUHOU! IOSYS HITS PUNK COVERS (IOSYS HITS PUNK COVERS)	キャプテン・ムラサのケツアンカー(PUNK COVER)	IOSYS	2	2013-03-31 12:00:00 UTC	https://music.apple.com/jp/album/punk-it-touhou-iosys-hits-punk-covers/1437880404?uo=4	https://music.apple.com/jp/album/%E3%82%AD%E3%83%A3%E3%83%97%E3%83%86%E3%83%B3-%E3%83%A0%E3%83%A9%E3%82%B5%E3%81%AE%E3%82%B1%E3%83%84%E3%82%A2%E3%83%B3%E3%82%AB%E3%83%BC-punk-cover/1437880404?i=1437880406&uo=4	PUNK IT!TOUHOU! -IOSYS HITS PUNK COVERS-	キャプテン・ムラサのケツアンカー(PUNK COVER)	https://music.youtube.com/browse/MPREb_iW0S4p1xJ1F	https://music.youtube.com/watch?v=hK7eYhiqt78
PUNK IT!TOUHOU! IOSYS HITS PUNK COVERS (IOSYS HITS PUNK COVERS)	Club Ibuki in Break All(PUNK COVER)	IOSYS	3	2013-03-31 12:00:00 UTC	https://music.apple.com/jp/album/punk-it-touhou-iosys-hits-punk-covers/1437880404?uo=4	https://music.apple.com/jp/album/club-ibuki-in-break-all-punk-cover/1437880404?i=1437880407&uo=4	PUNK IT!TOUHOU! -IOSYS HITS PUNK COVERS-	Club Ibuki in Break All(PUNK COVER)	https://music.youtube.com/browse/MPREb_iW0S4p1xJ1F	https://music.youtube.com/watch?v=O27-OHR_4MY
PUNK IT!TOUHOU! IOSYS HITS PUNK COVERS (IOSYS HITS PUNK COVERS)	ねこ巫女れいむ(PUNK COVER)	IOSYS	4	2013-03-31 12:00:00 UTC	https://music.apple.com/jp/album/punk-it-touhou-iosys-hits-punk-covers/1437880404?uo=4	https://music.apple.com/jp/album/%E3%81%AD%E3%81%93%E5%B7%AB%E5%A5%B3%E3%82%8C%E3%81%84%E3%82%80-punk-cover/1437880404?i=1437880408&uo=4	PUNK IT!TOUHOU! -IOSYS HITS PUNK COVERS-	ねこ巫女れいむ(PUNK COVER)	https://music.youtube.com/browse/MPREb_iW0S4p1xJ1F	https://music.youtube.com/watch?v=c00Fac8DRTM
PUNK IT!TOUHOU! IOSYS HITS PUNK COVERS (IOSYS HITS PUNK COVERS)	行列のできるえーりん診療所(PUNK COVER)	IOSYS	5	2013-03-31 12:00:00 UTC	https://music.apple.com/jp/album/punk-it-touhou-iosys-hits-punk-covers/1437880404?uo=4	https://music.apple.com/jp/album/%E8%A1%8C%E5%88%97%E3%81%AE%E3%81%A7%E3%81%8D%E3%82%8B%E3%81%88%E3%83%BC%E3%82%8A%E3%82%93%E8%A8%BA%E7%99%82%E6%89%80-punk-cover/1437880404?i=1437880409&uo=4	PUNK IT!TOUHOU! -IOSYS HITS PUNK COVERS-	行列のできるえーりん診療所(PUNK COVER)	https://music.youtube.com/browse/MPREb_iW0S4p1xJ1F	https://music.youtube.com/watch?v=4VaRK29t1Co
PUNK IT!TOUHOU! IOSYS HITS PUNK COVERS (IOSYS HITS PUNK COVERS)	アーティフィシャル・チルドレン(PUNK COVER)	IOSYS	6	2013-03-31 12:00:00 UTC	https://music.apple.com/jp/album/punk-it-touhou-iosys-hits-punk-covers/1437880404?uo=4	https://music.apple.com/jp/album/%E3%82%A2%E3%83%BC%E3%83%86%E3%82%A3%E3%83%95%E3%82%A3%E3%82%B7%E3%83%A3%E3%83%AB-%E3%83%81%E3%83%AB%E3%83%89%E3%83%AC%E3%83%B3-punk-cover/1437880404?i=1437880410&uo=4	PUNK IT!TOUHOU! -IOSYS HITS PUNK COVERS-	アーティフィシャル・チルドレン(PUNK COVER)	https://music.youtube.com/browse/MPREb_iW0S4p1xJ1F	https://music.youtube.com/watch?v=IuNH8xUZiVQ
PUNK IT!TOUHOU! IOSYS HITS PUNK COVERS (IOSYS HITS PUNK COVERS)	Phantasmagoria mystical expectation(PUNK COVER)	IOSYS	7	2013-03-31 12:00:00 UTC	https://music.apple.com/jp/album/punk-it-touhou-iosys-hits-punk-covers/1437880404?uo=4	https://music.apple.com/jp/album/phantasmagoria-mystical-expectation-punk-cover/1437880404?i=1437880411&uo=4	PUNK IT!TOUHOU! -IOSYS HITS PUNK COVERS-	Phantasmagoria mystical expectation(PUNK COVER)	https://music.youtube.com/browse/MPREb_iW0S4p1xJ1F	https://music.youtube.com/watch?v=SOam-To2BeQ
PUNK IT!TOUHOU! IOSYS HITS PUNK COVERS (IOSYS HITS PUNK COVERS)	Miracle∞Hinacle(PUNK COVER)	IOSYS	8	2013-03-31 12:00:00 UTC	https://music.apple.com/jp/album/punk-it-touhou-iosys-hits-punk-covers/1437880404?uo=4	https://music.apple.com/jp/album/miracle-hinacle-punk-cover/1437880404?i=1437880412&uo=4	PUNK IT!TOUHOU! -IOSYS HITS PUNK COVERS-	Miracle∞Hinacle(PUNK COVER)	https://music.youtube.com/browse/MPREb_iW0S4p1xJ1F	https://music.youtube.com/watch?v=_rBb1ZN95IU
暗黒能楽集・心綺楼 (東方心綺楼 ORIGINAL SOUND TRACK)	心綺楼祭囃子	あきやまうに	1	2013-08-12 12:00:00 UTC	https://music.apple.com/jp/album/ankokunougakushuu-shinkirou-touhou-shinkirou-original/1437762784?uo=4	https://music.apple.com/jp/album/%E5%BF%83%E7%B6%BA%E6%A5%BC%E7%A5%AD%E5%9B%83%E5%AD%90/1437762784?i=1437763076&uo=4	暗黒能楽集・心綺楼 (東方心綺楼 ORIGINAL SOUND TRACK)	心綺楼祭囃子	https://music.youtube.com/browse/MPREb_BwTOUcno711	https://music.youtube.com/watch?v=IPY-ONoxuDA
暗黒能楽集・心綺楼 (東方心綺楼 ORIGINAL SOUND TRACK)	演者選択	あきやまうに	2	2013-08-12 12:00:00 UTC	https://music.apple.com/jp/album/ankokunougakushuu-shinkirou-touhou-shinkirou-original/1437762784?uo=4	https://music.apple.com/jp/album/%E6%BC%94%E8%80%85%E9%81%B8%E6%8A%9E/1437762784?i=1437763077&uo=4	暗黒能楽集・心綺楼 (東方心綺楼 ORIGINAL SOUND TRACK)	演者選択	https://music.youtube.com/browse/MPREb_BwTOUcno711	https://music.youtube.com/watch?v=iH8FDFD4BwA
暗黒能楽集・心綺楼 (東方心綺楼 ORIGINAL SOUND TRACK)	使われなかった場所	あきやまうに	3	2013-08-12 12:00:00 UTC	https://music.apple.com/jp/album/ankokunougakushuu-shinkirou-touhou-shinkirou-original/1437762784?uo=4	https://music.apple.com/jp/album/%E4%BD%BF%E3%82%8F%E3%82%8C%E3%81%AA%E3%81%8B%E3%81%A3%E3%81%9F%E5%A0%B4%E6%89%80/1437762784?i=1437763078&uo=4	暗黒能楽集・心綺楼 (東方心綺楼 ORIGINAL SOUND TRACK)	使われなかった場所	https://music.youtube.com/browse/MPREb_BwTOUcno711	https://music.youtube.com/watch?v=0t6Dea-jGQ8
暗黒能楽集・心綺楼 (東方心綺楼 ORIGINAL SOUND TRACK)	人気爆発/博麗霊夢	あきやまうに	4	2013-08-12 12:00:00 UTC	https://music.apple.com/jp/album/ankokunougakushuu-shinkirou-touhou-shinkirou-original/1437762784?uo=4	https://music.apple.com/jp/album/%E4%BA%BA%E6%B0%97%E7%88%86%E7%99%BA-%E5%8D%9A%E9%BA%97%E9%9C%8A%E5%A4%A2/1437762784?i=1437763079&uo=4	暗黒能楽集・心綺楼 (東方心綺楼 ORIGINAL SOUND TRACK)	人気爆発/博麗霊夢	https://music.youtube.com/browse/MPREb_BwTOUcno711	https://music.youtube.com/watch?v=-7NoA1JGVyc
暗黒能楽集・心綺楼 (東方心綺楼 ORIGINAL SOUND TRACK)	人気爆発/霧雨魔理沙	あきやまうに	5	2013-08-12 12:00:00 UTC	https://music.apple.com/jp/album/ankokunougakushuu-shinkirou-touhou-shinkirou-original/1437762784?uo=4	https://music.apple.com/jp/album/%E4%BA%BA%E6%B0%97%E7%88%86%E7%99%BA-%E9%9C%A7%E9%9B%A8%E9%AD%94%E7%90%86%E6%B2%99/1437762784?i=1437763080&uo=4	暗黒能楽集・心綺楼 (東方心綺楼 ORIGINAL SOUND TRACK)	人気爆発/霧雨魔理沙	https://music.youtube.com/browse/MPREb_BwTOUcno711	https://music.youtube.com/watch?v=H8vsSxiSjIU
暗黒能楽集・心綺楼 (東方心綺楼 ORIGINAL SOUND TRACK)	人気爆発/雲居一輪&雲山	あきやまうに	6	2013-08-12 12:00:00 UTC	https://music.apple.com/jp/album/ankokunougakushuu-shinkirou-touhou-shinkirou-original/1437762784?uo=4	https://music.apple.com/jp/album/%E4%BA%BA%E6%B0%97%E7%88%86%E7%99%BA-%E9%9B%B2%E5%B1%85%E4%B8%80%E8%BC%AA-%E9%9B%B2%E5%B1%B1/1437762784?i=1437763081&uo=4	暗黒能楽集・心綺楼 (東方心綺楼 ORIGINAL SOUND TRACK)	人気爆発/雲居一輪&雲山	https://music.youtube.com/browse/MPREb_BwTOUcno711	https://music.youtube.com/watch?v=S_0guwdbNgU
暗黒能楽集・心綺楼 (東方心綺楼 ORIGINAL SOUND TRACK)	人気爆発/聖白蓮	あきやまうに	7	2013-08-12 12:00:00 UTC	https://music.apple.com/jp/album/ankokunougakushuu-shinkirou-touhou-shinkirou-original/1437762784?uo=4	https://music.apple.com/jp/album/%E4%BA%BA%E6%B0%97%E7%88%86%E7%99%BA-%E8%81%96%E7%99%BD%E8%93%AE/1437762784?i=1437763082&uo=4	暗黒能楽集・心綺楼 (東方心綺楼 ORIGINAL SOUND TRACK)	人気爆発/聖白蓮	https://music.youtube.com/browse/MPREb_BwTOUcno711	https://music.youtube.com/watch?v=RIg9Y91YwQ8
暗黒能楽集・心綺楼 (東方心綺楼 ORIGINAL SOUND TRACK)	人気爆発/物部布都	あきやまうに	8	2013-08-12 12:00:00 UTC	https://music.apple.com/jp/album/ankokunougakushuu-shinkirou-touhou-shinkirou-original/1437762784?uo=4	https://music.apple.com/jp/album/%E4%BA%BA%E6%B0%97%E7%88%86%E7%99%BA-%E7%89%A9%E9%83%A8%E5%B8%83%E9%83%BD/1437762784?i=1437763083&uo=4	暗黒能楽集・心綺楼 (東方心綺楼 ORIGINAL SOUND TRACK)	人気爆発/物部布都	https://music.youtube.com/browse/MPREb_BwTOUcno711	https://music.youtube.com/watch?v=qdqnaztoUUc
暗黒能楽集・心綺楼 (東方心綺楼 ORIGINAL SOUND TRACK)	人気爆発/豊聡耳神子	あきやまうに	9	2013-08-12 12:00:00 UTC	https://music.apple.com/jp/album/ankokunougakushuu-shinkirou-touhou-shinkirou-original/1437762784?uo=4	https://music.apple.com/jp/album/%E4%BA%BA%E6%B0%97%E7%88%86%E7%99%BA-%E8%B1%8A%E8%81%A1%E8%80%B3%E7%A5%9E%E5%AD%90/1437762784?i=1437763084&uo=4	暗黒能楽集・心綺楼 (東方心綺楼 ORIGINAL SOUND TRACK)	人気爆発/豊聡耳神子	https://music.youtube.com/browse/MPREb_BwTOUcno711	https://music.youtube.com/watch?v=AFti4PHCvGo
暗黒能楽集・心綺楼 (東方心綺楼 ORIGINAL SOUND TRACK)	人気爆発/河城にとり	あきやまうに	10	2013-08-12 12:00:00 UTC	https://music.apple.com/jp/album/ankokunougakushuu-shinkirou-touhou-shinkirou-original/1437762784?uo=4	https://music.apple.com/jp/album/%E4%BA%BA%E6%B0%97%E7%88%86%E7%99%BA-%E6%B2%B3%E5%9F%8E%E3%81%AB%E3%81%A8%E3%82%8A/1437762784?i=1437763085&uo=4	暗黒能楽集・心綺楼 (東方心綺楼 ORIGINAL SOUND TRACK)	人気爆発/河城にとり	https://music.youtube.com/browse/MPREb_BwTOUcno711	https://music.youtube.com/watch?v=NCqyJJKJjgA
暗黒能楽集・心綺楼 (東方心綺楼 ORIGINAL SOUND TRACK)	人気爆発/古明地こいし	あきやまうに	11	2013-08-12 12:00:00 UTC	https://music.apple.com/jp/album/ankokunougakushuu-shinkirou-touhou-shinkirou-original/1437762784?uo=4	https://music.apple.com/jp/album/%E4%BA%BA%E6%B0%97%E7%88%86%E7%99%BA-%E5%8F%A4%E6%98%8E%E5%9C%B0%E3%81%93%E3%81%84%E3%81%97/1437762784?i=1437763086&uo=4	暗黒能楽集・心綺楼 (東方心綺楼 ORIGINAL SOUND TRACK)	人気爆発/古明地こいし	https://music.youtube.com/browse/MPREb_BwTOUcno711	https://music.youtube.com/watch?v=C_3EKrSh-Zc
暗黒能楽集・心綺楼 (東方心綺楼 ORIGINAL SOUND TRACK)	人気爆発/二ッ岩マミゾウ	あきやまうに	12	2013-08-12 12:00:00 UTC	https://music.apple.com/jp/album/ankokunougakushuu-shinkirou-touhou-shinkirou-original/1437762784?uo=4	https://music.apple.com/jp/album/%E4%BA%BA%E6%B0%97%E7%88%86%E7%99%BA-%E4%BA%8C%E3%83%83%E5%B2%A9%E3%83%9E%E3%83%9F%E3%82%BE%E3%82%A6/1437762784?i=1437763087&uo=4	暗黒能楽集・心綺楼 (東方心綺楼 ORIGINAL SOUND TRACK)	人気爆発/二ッ岩マミゾウ	https://music.youtube.com/browse/MPREb_BwTOUcno711	https://music.youtube.com/watch?v=cOK9EKA83LU
暗黒能楽集・心綺楼 (東方心綺楼 ORIGINAL SOUND TRACK)	人気爆発/秦こころ	あきやまうに	13	2013-08-12 12:00:00 UTC	https://music.apple.com/jp/album/ankokunougakushuu-shinkirou-touhou-shinkirou-original/1437762784?uo=4	https://music.apple.com/jp/album/%E4%BA%BA%E6%B0%97%E7%88%86%E7%99%BA-%E7%A7%A6%E3%81%93%E3%81%93%E3%82%8D/1437762784?i=1437763088&uo=4	暗黒能楽集・心綺楼 (東方心綺楼 ORIGINAL SOUND TRACK)	人気爆発/秦こころ	https://music.youtube.com/browse/MPREb_BwTOUcno711	https://music.youtube.com/watch?v=gQDjW9gJA34
暗黒能楽集・心綺楼 (東方心綺楼 ORIGINAL SOUND TRACK)	ラストワード発動	あきやまうに	14	2013-08-12 12:00:00 UTC	https://music.apple.com/jp/album/ankokunougakushuu-shinkirou-touhou-shinkirou-original/1437762784?uo=4	https://music.apple.com/jp/album/%E3%83%A9%E3%82%B9%E3%83%88%E3%83%AF%E3%83%BC%E3%83%89%E7%99%BA%E5%8B%95/1437762784?i=1437763089&uo=4	暗黒能楽集・心綺楼 (東方心綺楼 ORIGINAL SOUND TRACK)	ラストワード発動	https://music.youtube.com/browse/MPREb_BwTOUcno711	https://music.youtube.com/watch?v=0vgab0X0JmM
暗黒能楽集・心綺楼 (東方心綺楼 ORIGINAL SOUND TRACK)	官板黄昏新聞	あきやまうに	15	2013-08-12 12:00:00 UTC	https://music.apple.com/jp/album/ankokunougakushuu-shinkirou-touhou-shinkirou-original/1437762784?uo=4	https://music.apple.com/jp/album/%E5%AE%98%E6%9D%BF%E9%BB%84%E6%98%8F%E6%96%B0%E8%81%9E/1437762784?i=1437763090&uo=4	暗黒能楽集・心綺楼 (東方心綺楼 ORIGINAL SOUND TRACK)	官板黄昏新聞	https://music.youtube.com/browse/MPREb_BwTOUcno711	https://music.youtube.com/watch?v=YSXX89XHDs8
暗黒能楽集・心綺楼 (東方心綺楼 ORIGINAL SOUND TRACK)	亡失のエモーション (Arrange Version)	あきやまうに	16	2013-08-12 12:00:00 UTC	https://music.apple.com/jp/album/ankokunougakushuu-shinkirou-touhou-shinkirou-original/1437762784?uo=4	https://music.apple.com/jp/album/%E4%BA%A1%E5%A4%B1%E3%81%AE%E3%82%A8%E3%83%A2%E3%83%BC%E3%82%B7%E3%83%A7%E3%83%B3-arrange-version/1437762784?i=1437763091&uo=4	暗黒能楽集・心綺楼 (東方心綺楼 ORIGINAL SOUND TRACK)	亡失のエモーション (Arrange Version)	https://music.youtube.com/browse/MPREb_BwTOUcno711	https://music.youtube.com/watch?v=bRoCM-FYGJo
暗黒能楽集・心綺楼 (東方心綺楼 ORIGINAL SOUND TRACK)	芥川龍之介の河童 ~ Candid Friend (8bit)	あきやまうに	17	2013-08-12 12:00:00 UTC	https://music.apple.com/jp/album/ankokunougakushuu-shinkirou-touhou-shinkirou-original/1437762784?uo=4	https://music.apple.com/jp/album/%E8%8A%A5%E5%B7%9D%E9%BE%8D%E4%B9%8B%E4%BB%8B%E3%81%AE%E6%B2%B3%E7%AB%A5-candid-friend-8bit/1437762784?i=1437763092&uo=4	暗黒能楽集・心綺楼 (東方心綺楼 ORIGINAL SOUND TRACK)	芥川龍之介の河童 ~ Candid Friend (8bit)	https://music.youtube.com/browse/MPREb_BwTOUcno711	https://music.youtube.com/watch?v=r4H7bI9cozw
幽閉樂祭~早春の宴~(幻想万華鏡OP主題歌「色は匂へど散りぬるを」「泡沫、哀のまほろば」収録) [with senya]	泡沫、哀のまほろば(with senya) <幻想万華鏡 永夜異変の章 OP主題歌>	幽閉サテライト	14	2013-12-29 12:00:00 UTC	https://music.apple.com/jp/album/yuuhei-gakusai-sousyun-no-utage-gensoumangekyou-op/1456069376?uo=4	https://music.apple.com/jp/album/%E6%B3%A1%E6%B2%AB-%E5%93%80%E3%81%AE%E3%81%BE%E3%81%BB%E3%82%8D%E3%81%B0-with-senya-%E5%B9%BB%E6%83%B3%E4%B8%87%E8%8F%AF%E9%8F%A1-%E6%B0%B8%E5%A4%9C%E7%95%B0%E5%A4%89%E3%81%AE%E7%AB%A0-op%E4%B8%BB%E9%A1%8C%E6%AD%8C/1456069376?i=1456069378&uo=4	幽閉樂祭~早春の宴~(幻想万華鏡OP主題歌「色は匂へど散りぬるを」「泡沫、哀のまほろば」収録)	泡沫、哀のまほろば(with senya) <幻想万華鏡 永夜異変の章 OP主題歌>	https://music.youtube.com/browse/MPREb_RNPqbOZwlcY	https://music.youtube.com/watch?v=iVZK6cY1x-w
華麗なる静寂 - EP (with senya)	夜桜に君を隠して(Instrumental) [with senya]	幽閉サテライト	1	2013-12-30 12:00:00 UTC	https://music.apple.com/jp/album/karei-naru-seijaku-ep-with-senya/1456069274?uo=4	https://music.apple.com/jp/album/%E5%A4%9C%E6%A1%9C%E3%81%AB%E5%90%9B%E3%82%92%E9%9A%A0%E3%81%97%E3%81%A6-instrumental-with-senya/1456069274?i=1456069275&uo=4	華麗なる静寂	夜桜に君を隠して(Instrumental) [with senya]	https://music.youtube.com/browse/MPREb_o5yQRM6e8WY	https://music.youtube.com/watch?v=QK-ZOoDbOTw
華麗なる静寂 - EP (with senya)	嘘付きフォルテッシモ(Instrumental) [with senya]	幽閉サテライト	2	2013-12-30 12:00:00 UTC	https://music.apple.com/jp/album/karei-naru-seijaku-ep-with-senya/1456069274?uo=4	https://music.apple.com/jp/album/%E5%98%98%E4%BB%98%E3%81%8D%E3%83%95%E3%82%A9%E3%83%AB%E3%83%86%E3%83%83%E3%82%B7%E3%83%A2-instrumental-with-senya/1456069274?i=1456069278&uo=4	華麗なる静寂	嘘付きフォルテッシモ(Instrumental) [with senya]	https://music.youtube.com/browse/MPREb_o5yQRM6e8WY	https://music.youtube.com/watch?v=0KUqjDQeh18
華麗なる静寂 - EP (with senya)	IRON RAIN~密室の懺悔~(Instrumental) [with senya]	幽閉サテライト	3	2013-12-30 12:00:00 UTC	https://music.apple.com/jp/album/karei-naru-seijaku-ep-with-senya/1456069274?uo=4	https://music.apple.com/jp/album/iron-rain-%E5%AF%86%E5%AE%A4%E3%81%AE%E6%87%BA%E6%82%94-instrumental-with-senya/1456069274?i=1456069279&uo=4	華麗なる静寂	IRON RAIN~密室の懺悔~(Instrumental) [with senya]	https://music.youtube.com/browse/MPREb_o5yQRM6e8WY	https://music.youtube.com/watch?v=4qVoNH-kC18
華麗なる静寂 - EP (with senya)	弱虫ナイフ(Instrumental) [with senya]	幽閉サテライト	4	2013-12-30 12:00:00 UTC	https://music.apple.com/jp/album/karei-naru-seijaku-ep-with-senya/1456069274?uo=4	https://music.apple.com/jp/album/%E5%BC%B1%E8%99%AB%E3%83%8A%E3%82%A4%E3%83%95-instrumental-with-senya/1456069274?i=1456069280&uo=4	華麗なる静寂	弱虫ナイフ(Instrumental) [with senya]	https://music.youtube.com/browse/MPREb_o5yQRM6e8WY	https://music.youtube.com/watch?v=sS_5mMD136c
華麗なる静寂 - EP (with senya)	硝子的サイコロジー(Instrumental) [with senya]	幽閉サテライト	5	2013-12-30 12:00:00 UTC	https://music.apple.com/jp/album/karei-naru-seijaku-ep-with-senya/1456069274?uo=4	https://music.apple.com/jp/album/%E7%A1%9D%E5%AD%90%E7%9A%84%E3%82%B5%E3%82%A4%E3%82%B3%E3%83%AD%E3%82%B8%E3%83%BC-instrumental-with-senya/1456069274?i=1456069281&uo=4	華麗なる静寂	硝子的サイコロジー(Instrumental) [with senya]	https://music.youtube.com/browse/MPREb_o5yQRM6e8WY	https://music.youtube.com/watch?v=ITveh5e4fV0
華麗なる静寂 - EP (with senya)	色は匂へど散りぬるを(Instrumental) [with senya]	幽閉サテライト	6	2013-12-30 12:00:00 UTC	https://music.apple.com/jp/album/karei-naru-seijaku-ep-with-senya/1456069274?uo=4	https://music.apple.com/jp/album/%E8%89%B2%E3%81%AF%E5%8C%82%E3%81%B8%E3%81%A9%E6%95%A3%E3%82%8A%E3%81%AC%E3%82%8B%E3%82%92-instrumental-with-senya/1456069274?i=1456069282&uo=4	華麗なる静寂	色は匂へど散りぬるを(Instrumental) [with senya]	https://music.youtube.com/browse/MPREb_o5yQRM6e8WY	https://music.youtube.com/watch?v=O_nAANWR5E4
PUNK IT!TOUHOU!2 IOSYS HITS PUNK COVERS (IOSYS HITS PUNK COVERS)	ロマンチック早苗ラブ(PUNK COVER)	IOSYS	1	2014-02-02 12:00:00 UTC	https://music.apple.com/jp/album/punk-it-touhou-2-iosys-hits-punk-covers/1437880708?uo=4	https://music.apple.com/jp/album/%E3%83%AD%E3%83%9E%E3%83%B3%E3%83%81%E3%83%83%E3%82%AF%E6%97%A9%E8%8B%97%E3%83%A9%E3%83%96-punk-cover/1437880708?i=1437880709&uo=4	PUNK IT!TOUHOU!2 -IOSYS HITS PUNK COVERS-	ロマンチック早苗ラブ(PUNK IT 2)	https://music.youtube.com/browse/MPREb_wZYqMCsreez	https://music.youtube.com/watch?v=DfFn0ftz6Bs
PUNK IT!TOUHOU!2 IOSYS HITS PUNK COVERS (IOSYS HITS PUNK COVERS)	コミカルなミシャグジとラジエーション(PUNK COVER)	IOSYS	2	2014-02-02 12:00:00 UTC	https://music.apple.com/jp/album/punk-it-touhou-2-iosys-hits-punk-covers/1437880708?uo=4	https://music.apple.com/jp/album/%E3%82%B3%E3%83%9F%E3%82%AB%E3%83%AB%E3%81%AA%E3%83%9F%E3%82%B7%E3%83%A3%E3%82%B0%E3%82%B8%E3%81%A8%E3%83%A9%E3%82%B8%E3%82%A8%E3%83%BC%E3%82%B7%E3%83%A7%E3%83%B3-punk-cover/1437880708?i=1437880710&uo=4	PUNK IT!TOUHOU!2 -IOSYS HITS PUNK COVERS-	コミカルなミシャグジとラジエーション(PUNK IT 2)	https://music.youtube.com/browse/MPREb_wZYqMCsreez	https://music.youtube.com/watch?v=wpsvV2RfpCo
PUNK IT!TOUHOU!2 IOSYS HITS PUNK COVERS (IOSYS HITS PUNK COVERS)	断罪ヤマザナドゥ!(PUNK COVER)	IOSYS	3	2014-02-02 12:00:00 UTC	https://music.apple.com/jp/album/punk-it-touhou-2-iosys-hits-punk-covers/1437880708?uo=4	https://music.apple.com/jp/album/%E6%96%AD%E7%BD%AA%E3%83%A4%E3%83%9E%E3%82%B6%E3%83%8A%E3%83%89%E3%82%A5-punk-cover/1437880708?i=1437880711&uo=4	PUNK IT!TOUHOU!2 -IOSYS HITS PUNK COVERS-	断罪ヤマザナドゥ！(PUNK IT 2)	https://music.youtube.com/browse/MPREb_wZYqMCsreez	https://music.youtube.com/watch?v=pvxJ_YZjilo
PUNK IT!TOUHOU!2 IOSYS HITS PUNK COVERS (IOSYS HITS PUNK COVERS)	博麗神社町内会音頭(PUNK COVER)	IOSYS	4	2014-02-02 12:00:00 UTC	https://music.apple.com/jp/album/punk-it-touhou-2-iosys-hits-punk-covers/1437880708?uo=4	https://music.apple.com/jp/album/%E5%8D%9A%E9%BA%97%E7%A5%9E%E7%A4%BE%E7%94%BA%E5%86%85%E4%BC%9A%E9%9F%B3%E9%A0%AD-punk-cover/1437880708?i=1437880712&uo=4	PUNK IT!TOUHOU!2 -IOSYS HITS PUNK COVERS-	博麗神社町内会音頭(PUNK IT 2)	https://music.youtube.com/browse/MPREb_wZYqMCsreez	https://music.youtube.com/watch?v=L7j3qX6jUgA
PUNK IT!TOUHOU!2 IOSYS HITS PUNK COVERS (IOSYS HITS PUNK COVERS)	おしえてほしいよ☆けーねせんせい(PUNK COVER)	IOSYS	5	2014-02-02 12:00:00 UTC	https://music.apple.com/jp/album/punk-it-touhou-2-iosys-hits-punk-covers/1437880708?uo=4	https://music.apple.com/jp/album/%E3%81%8A%E3%81%97%E3%81%88%E3%81%A6%E3%81%BB%E3%81%97%E3%81%84%E3%82%88-%E3%81%91%E3%83%BC%E3%81%AD%E3%81%9B%E3%82%93%E3%81%9B%E3%81%84-punk-cover/1437880708?i=1437880713&uo=4	PUNK IT!TOUHOU!2 -IOSYS HITS PUNK COVERS-	おしえてほしいよ☆けーねせんせい(PUNK IT 2)	https://music.youtube.com/browse/MPREb_wZYqMCsreez	https://music.youtube.com/watch?v=ZKEFofookOQ
PUNK IT!TOUHOU!2 IOSYS HITS PUNK COVERS (IOSYS HITS PUNK COVERS)	あたしまりさ(PUNK COVER)	IOSYS	6	2014-02-02 12:00:00 UTC	https://music.apple.com/jp/album/punk-it-touhou-2-iosys-hits-punk-covers/1437880708?uo=4	https://music.apple.com/jp/album/%E3%81%82%E3%81%9F%E3%81%97%E3%81%BE%E3%82%8A%E3%81%95-punk-cover/1437880708?i=1437880714&uo=4	PUNK IT!TOUHOU!2 -IOSYS HITS PUNK COVERS-	あたしまりさ(PUNK IT 2)	https://music.youtube.com/browse/MPREb_wZYqMCsreez	https://music.youtube.com/watch?v=aHaGWiCYbwQ
PUNK IT!TOUHOU!2 IOSYS HITS PUNK COVERS (IOSYS HITS PUNK COVERS)	アリス→デレ(PUNK COVER)	IOSYS	7	2014-02-02 12:00:00 UTC	https://music.apple.com/jp/album/punk-it-touhou-2-iosys-hits-punk-covers/1437880708?uo=4	https://music.apple.com/jp/album/%E3%82%A2%E3%83%AA%E3%82%B9-%E3%83%87%E3%83%AC-punk-cover/1437880708?i=1437880715&uo=4	PUNK IT!TOUHOU!2 -IOSYS HITS PUNK COVERS-	アリス→デレ(PUNK IT 2)	https://music.youtube.com/browse/MPREb_wZYqMCsreez	https://music.youtube.com/watch?v=2lTuppNPYLM
PUNK IT!TOUHOU!2 IOSYS HITS PUNK COVERS (IOSYS HITS PUNK COVERS)	タイヨウノハナ(PUNK COVER)	IOSYS	8	2014-02-02 12:00:00 UTC	https://music.apple.com/jp/album/punk-it-touhou-2-iosys-hits-punk-covers/1437880708?uo=4	https://music.apple.com/jp/album/%E3%82%BF%E3%82%A4%E3%83%A8%E3%82%A6%E3%83%8E%E3%83%8F%E3%83%8A-punk-cover/1437880708?i=1437880716&uo=4	PUNK IT!TOUHOU!2 -IOSYS HITS PUNK COVERS-	タイヨウノハナ(PUNK IT 2)	https://music.youtube.com/browse/MPREb_wZYqMCsreez	https://music.youtube.com/watch?v=CZ6fHAv4-fY
幽閉樂祭2014~春の奏宴~(幻想万華鏡 紅霧異変の章OP主題歌「月に叢雲華に風」収録) [with senya]	月に叢雲華に風(with senya) <幻想万華鏡 紅霧異変の章 OP主題歌>	幽閉サテライト	7	2011-12-30 12:00:00 UTC	https://music.apple.com/jp/album/yuuhei-gakusai-haru-no-souen-gensoumangekyou-koumuihen/1456069313?uo=4	https://music.apple.com/jp/album/%E6%9C%88%E3%81%AB%E5%8F%A2%E9%9B%B2%E8%8F%AF%E3%81%AB%E9%A2%A8-with-senya-%E5%B9%BB%E6%83%B3%E4%B8%87%E8%8F%AF%E9%8F%A1-%E7%B4%85%E9%9C%A7%E7%95%B0%E5%A4%89%E3%81%AE%E7%AB%A0-op%E4%B8%BB%E9%A1%8C%E6%AD%8C/1456069313?i=1456069315&uo=4	幽閉樂祭2014~春の奏宴~(幻想万華鏡 紅霧異変の章OP主題歌「月に叢雲華に風」収録)	月に叢雲華に風(with senya) <幻想万華鏡 紅霧異変の章 OP主題歌>	https://music.youtube.com/browse/MPREb_1wZdFlCsAb0	https://music.youtube.com/watch?v=8xDm0Ai3cE0
彼方への静寂 - EP (with senya)	三千世界(Instrumental) [with senya]	幽閉サテライト	1	2014-05-11 12:00:00 UTC	https://music.apple.com/jp/album/kanata-heno-seijaku-ep-with-senya/1456069546?uo=4	https://music.apple.com/jp/album/%E4%B8%89%E5%8D%83%E4%B8%96%E7%95%8C-instrumental-with-senya/1456069546?i=1456069547&uo=4	彼方への静寂	三千世界(Instrumental) [with senya]	https://music.youtube.com/browse/MPREb_YiEbVwdh3xe	https://music.youtube.com/watch?v=ayS6gaov9Gk
彼方への静寂 - EP (with senya)	感情ケミストリー(Instrumental) [with senya]	幽閉サテライト	2	2014-05-11 12:00:00 UTC	https://music.apple.com/jp/album/kanata-heno-seijaku-ep-with-senya/1456069546?uo=4	https://music.apple.com/jp/album/%E6%84%9F%E6%83%85%E3%82%B1%E3%83%9F%E3%82%B9%E3%83%88%E3%83%AA%E3%83%BC-instrumental-with-senya/1456069546?i=1456069548&uo=4	彼方への静寂	感情ケミストリー(Instrumental) [with senya]	https://music.youtube.com/browse/MPREb_YiEbVwdh3xe	https://music.youtube.com/watch?v=m9HHZ6UZsdg
彼方への静寂 - EP (with senya)	溺愛エクリプス(Instrumental) [with senya]	幽閉サテライト	3	2014-05-11 12:00:00 UTC	https://music.apple.com/jp/album/kanata-heno-seijaku-ep-with-senya/1456069546?uo=4	https://music.apple.com/jp/album/%E6%BA%BA%E6%84%9B%E3%82%A8%E3%82%AF%E3%83%AA%E3%83%97%E3%82%B9-instrumental-with-senya/1456069546?i=1456069549&uo=4	彼方への静寂	溺愛エクリプス(Instrumental) [with senya]	https://music.youtube.com/browse/MPREb_YiEbVwdh3xe	https://music.youtube.com/watch?v=Jd_eyGTv3u0
彼方への静寂 - EP (with senya)	退屈サティスファクション(Instrumental) [with senya]	幽閉サテライト	4	2014-05-11 12:00:00 UTC	https://music.apple.com/jp/album/kanata-heno-seijaku-ep-with-senya/1456069546?uo=4	https://music.apple.com/jp/album/%E9%80%80%E5%B1%88%E3%82%B5%E3%83%86%E3%82%A3%E3%82%B9%E3%83%95%E3%82%A1%E3%82%AF%E3%82%B7%E3%83%A7%E3%83%B3-instrumental-with-senya/1456069546?i=1456069550&uo=4	彼方への静寂	退屈サティスファクション(Instrumental) [with senya]	https://music.youtube.com/browse/MPREb_YiEbVwdh3xe	https://music.youtube.com/watch?v=U_xxvQXTcKE
彼方への静寂 - EP (with senya)	ニヒル神楽(Instrumental) [with senya]	幽閉サテライト	5	2014-05-11 12:00:00 UTC	https://music.apple.com/jp/album/kanata-heno-seijaku-ep-with-senya/1456069546?uo=4	https://music.apple.com/jp/album/%E3%83%8B%E3%83%92%E3%83%AB%E7%A5%9E%E6%A5%BD-instrumental-with-senya/1456069546?i=1456069551&uo=4	彼方への静寂	ニヒル神楽(Instrumental) [with senya]	https://music.youtube.com/browse/MPREb_YiEbVwdh3xe	https://music.youtube.com/watch?v=bb2THHTC__M
彼方への静寂 - EP (with senya)	深読みレゾナンス(Instrumental) [with senya]	幽閉サテライト	6	2014-05-11 12:00:00 UTC	https://music.apple.com/jp/album/kanata-heno-seijaku-ep-with-senya/1456069546?uo=4	https://music.apple.com/jp/album/%E6%B7%B1%E8%AA%AD%E3%81%BF%E3%83%AC%E3%82%BE%E3%83%8A%E3%83%B3%E3%82%B9-instrumental-with-senya/1456069546?i=1456069552&uo=4	彼方への静寂	深読みレゾナンス(Instrumental) [with senya]	https://music.youtube.com/browse/MPREb_YiEbVwdh3xe	https://music.youtube.com/watch?v=fNfFHWj-zZo
温度差 - Single (with Senya) - Single	温度差(with senya)	幽閉サテライト	1	2014-06-28 12:00:00 UTC	https://music.apple.com/jp/album/ondosa-single-with-senya-single/1456069691?uo=4	https://music.apple.com/jp/album/%E6%B8%A9%E5%BA%A6%E5%B7%AE-with-senya/1456069691?i=1456069694&uo=4	温度差	温度差(with senya)	https://music.youtube.com/browse/MPREb_eYb8atGsrTb	https://music.youtube.com/watch?v=pAQT3yFaaSQ
温度差 - Single (with Senya) - Single	温度差(Instrumental) [with senya]	幽閉サテライト	2	2014-06-28 12:00:00 UTC	https://music.apple.com/jp/album/ondosa-single-with-senya-single/1456069691?uo=4	https://music.apple.com/jp/album/%E6%B8%A9%E5%BA%A6%E5%B7%AE-instrumental-with-senya/1456069691?i=1456069695&uo=4	温度差	温度差(Instrumental) [with senya]	https://music.youtube.com/browse/MPREb_eYb8atGsrTb	https://music.youtube.com/watch?v=jlvZ3Qm3P-M
REVIVAL BEST I (feat. 709sec.)	MAKE PROGRESS (feat. 709sec.)	SOUND HOLIC feat. 709sec.	15	2015-05-10 12:00:00 UTC	https://music.apple.com/jp/album/revival-best-i-feat-709sec/1455420979?uo=4	https://music.apple.com/jp/album/make-progress-feat-709sec/1455420979?i=1455420994&uo=4	REVIVAL BEST I（feat. 709sec.）	MAKE PROGRESS（feat. 709sec.）	https://music.youtube.com/browse/MPREb_Awd8fubCiFd	https://music.youtube.com/watch?v=9onfv2ymJYo
GENSOKYO DEMPA EXPO ─イオシス東方コンピレーション vol.23─ (イオシス東方コンピレーション vol.23)	万博宣言	IOSYS	1	2015-05-10 12:00:00 UTC	https://music.apple.com/jp/album/gensokyo-dempa-expo-iosys-toho-compilation-vol-22/1437881652?uo=4	https://music.apple.com/jp/album/%E4%B8%87%E5%8D%9A%E5%AE%A3%E8%A8%80/1437881652?i=1437881653&uo=4	GENSOKYO DEMPA EXPO ─イオシス東方コンピレーション vol.23─	万博宣言	https://music.youtube.com/browse/MPREb_Y30keRj6YrU	https://music.youtube.com/watch?v=G8ODJXvg5FA
GENSOKYO DEMPA EXPO ─イオシス東方コンピレーション vol.23─ (イオシス東方コンピレーション vol.23)	幻想郷DEMPASTICグリーティング	IOSYS	2	2015-05-10 12:00:00 UTC	https://music.apple.com/jp/album/gensokyo-dempa-expo-iosys-toho-compilation-vol-22/1437881652?uo=4	https://music.apple.com/jp/album/%E5%B9%BB%E6%83%B3%E9%83%B7dempastic%E3%82%B0%E3%83%AA%E3%83%BC%E3%83%86%E3%82%A3%E3%83%B3%E3%82%B0/1437881652?i=1437881654&uo=4	GENSOKYO DEMPA EXPO ─イオシス東方コンピレーション vol.23─	幻想郷DEMPASTICグリーティング	https://music.youtube.com/browse/MPREb_Y30keRj6YrU	https://music.youtube.com/watch?v=G9mC4N2CQVg
GENSOKYO DEMPA EXPO ─イオシス東方コンピレーション vol.23─ (イオシス東方コンピレーション vol.23)	プレイヤーがじゃぶじゃぶ信仰したくなるような射幸心を煽るタイトル	IOSYS	3	2015-05-10 12:00:00 UTC	https://music.apple.com/jp/album/gensokyo-dempa-expo-iosys-toho-compilation-vol-22/1437881652?uo=4	https://music.apple.com/jp/album/%E3%83%97%E3%83%AC%E3%82%A4%E3%83%A4%E3%83%BC%E3%81%8C%E3%81%98%E3%82%83%E3%81%B6%E3%81%98%E3%82%83%E3%81%B6%E4%BF%A1%E4%BB%B0%E3%81%97%E3%81%9F%E3%81%8F%E3%81%AA%E3%82%8B%E3%82%88%E3%81%86%E3%81%AA%E5%B0%84%E5%B9%B8%E5%BF%83%E3%82%92%E7%85%BD%E3%82%8B%E3%82%BF%E3%82%A4%E3%83%88%E3%83%AB/1437881652?i=1437881655&uo=4	GENSOKYO DEMPA EXPO ─イオシス東方コンピレーション vol.23─	プレイヤーがじゃぶじゃぶ信仰したくなるような射幸心を煽るタイトル	https://music.youtube.com/browse/MPREb_Y30keRj6YrU	https://music.youtube.com/watch?v=Cd7MRYQEmnw
GENSOKYO DEMPA EXPO ─イオシス東方コンピレーション vol.23─ (イオシス東方コンピレーション vol.23)	デュラハンナイト ~ 君の首、飛んで花火	IOSYS	4	2015-05-10 12:00:00 UTC	https://music.apple.com/jp/album/gensokyo-dempa-expo-iosys-toho-compilation-vol-22/1437881652?uo=4	https://music.apple.com/jp/album/%E3%83%87%E3%83%A5%E3%83%A9%E3%83%8F%E3%83%B3%E3%83%8A%E3%82%A4%E3%83%88-%E5%90%9B%E3%81%AE%E9%A6%96-%E9%A3%9B%E3%82%93%E3%81%A7%E8%8A%B1%E7%81%AB/1437881652?i=1437881656&uo=4	GENSOKYO DEMPA EXPO ─イオシス東方コンピレーション vol.23─	デュラハンナイト ～ 君の首、飛んで花火	https://music.youtube.com/browse/MPREb_Y30keRj6YrU	https://music.youtube.com/watch?v=zm8Lfl2QyHY
GENSOKYO DEMPA EXPO ─イオシス東方コンピレーション vol.23─ (イオシス東方コンピレーション vol.23)	紫雨UNITED まりさvsオレまりさ編	IOSYS	5	2015-05-10 12:00:00 UTC	https://music.apple.com/jp/album/gensokyo-dempa-expo-iosys-toho-compilation-vol-22/1437881652?uo=4	https://music.apple.com/jp/album/%E7%B4%AB%E9%9B%A8united-%E3%81%BE%E3%82%8A%E3%81%95vs%E3%82%AA%E3%83%AC%E3%81%BE%E3%82%8A%E3%81%95%E7%B7%A8/1437881652?i=1437881657&uo=4	GENSOKYO DEMPA EXPO ─イオシス東方コンピレーション vol.23─	紫雨UNITED まりさvsオレまりさ編	https://music.youtube.com/browse/MPREb_Y30keRj6YrU	https://music.youtube.com/watch?v=AmTPCH_6UpM
GENSOKYO DEMPA EXPO ─イオシス東方コンピレーション vol.23─ (イオシス東方コンピレーション vol.23)	恋の氷結おてんば湯けむりチルノ温泉 (DJ Laugh Remix)	IOSYS	6	2015-05-10 12:00:00 UTC	https://music.apple.com/jp/album/gensokyo-dempa-expo-iosys-toho-compilation-vol-22/1437881652?uo=4	https://music.apple.com/jp/album/%E6%81%8B%E3%81%AE%E6%B0%B7%E7%B5%90%E3%81%8A%E3%81%A6%E3%82%93%E3%81%B0%E6%B9%AF%E3%81%91%E3%82%80%E3%82%8A%E3%83%81%E3%83%AB%E3%83%8E%E6%B8%A9%E6%B3%89-dj-laugh-remix/1437881652?i=1437881658&uo=4	GENSOKYO DEMPA EXPO ─イオシス東方コンピレーション vol.23─	恋の氷結おてんば湯けむりチルノ温泉 (DJ Laugh Remix)	https://music.youtube.com/browse/MPREb_Y30keRj6YrU	https://music.youtube.com/watch?v=vdr7v0WtXUs
GENSOKYO DEMPA EXPO ─イオシス東方コンピレーション vol.23─ (イオシス東方コンピレーション vol.23)	スカーレット警察のゲットーパトロール24時	IOSYS	7	2015-05-10 12:00:00 UTC	https://music.apple.com/jp/album/gensokyo-dempa-expo-iosys-toho-compilation-vol-22/1437881652?uo=4	https://music.apple.com/jp/album/%E3%82%B9%E3%82%AB%E3%83%BC%E3%83%AC%E3%83%83%E3%83%88%E8%AD%A6%E5%AF%9F%E3%81%AE%E3%82%B2%E3%83%83%E3%83%88%E3%83%BC%E3%83%91%E3%83%88%E3%83%AD%E3%83%BC%E3%83%AB24%E6%99%82/1437881652?i=1437881659&uo=4	GENSOKYO DEMPA EXPO ─イオシス東方コンピレーション vol.23─	スカーレット警察のゲットーパトロール24時	https://music.youtube.com/browse/MPREb_Y30keRj6YrU	https://music.youtube.com/watch?v=OsBaTKfW-4A
GENSOKYO DEMPA EXPO ─イオシス東方コンピレーション vol.23─ (イオシス東方コンピレーション vol.23)	Zombie Dance	IOSYS	8	2015-05-10 12:00:00 UTC	https://music.apple.com/jp/album/gensokyo-dempa-expo-iosys-toho-compilation-vol-22/1437881652?uo=4	https://music.apple.com/jp/album/zombie-dance/1437881652?i=1437881660&uo=4	GENSOKYO DEMPA EXPO ─イオシス東方コンピレーション vol.23─	Zombie Dance	https://music.youtube.com/browse/MPREb_Y30keRj6YrU	https://music.youtube.com/watch?v=UwBefuvzGuU
GENSOKYO DEMPA EXPO ─イオシス東方コンピレーション vol.23─ (イオシス東方コンピレーション vol.23)	バブミーベイベー	IOSYS	9	2015-05-10 12:00:00 UTC	https://music.apple.com/jp/album/gensokyo-dempa-expo-iosys-toho-compilation-vol-22/1437881652?uo=4	https://music.apple.com/jp/album/%E3%83%90%E3%83%96%E3%83%9F%E3%83%BC%E3%83%99%E3%82%A4%E3%83%99%E3%83%BC/1437881652?i=1437881661&uo=4	GENSOKYO DEMPA EXPO ─イオシス東方コンピレーション vol.23─	バブミーベイベー	https://music.youtube.com/browse/MPREb_Y30keRj6YrU	https://music.youtube.com/watch?v=rDRcOYcSluk
GENSOKYO DEMPA EXPO ─イオシス東方コンピレーション vol.23─ (イオシス東方コンピレーション vol.23)	COOL GENSOKYO	IOSYS	10	2015-05-10 12:00:00 UTC	https://music.apple.com/jp/album/gensokyo-dempa-expo-iosys-toho-compilation-vol-22/1437881652?uo=4	https://music.apple.com/jp/album/cool-gensokyo/1437881652?i=1437881662&uo=4	GENSOKYO DEMPA EXPO ─イオシス東方コンピレーション vol.23─	COOL GENSOKYO	https://music.youtube.com/browse/MPREb_Y30keRj6YrU	https://music.youtube.com/watch?v=mVcLI5l2kiw
深秘的楽曲集 (宇佐見菫子と秘密の部屋)	二色蓮花蝶 ~ Red and White (feat.コンプ)	黄昏フロンティア	1	2015-08-14 12:00:00 UTC	https://music.apple.com/jp/album/shinpitekigakkyokusyuu-usami-sumireko-to-himitsu-no-heya/1438613129?uo=4	https://music.apple.com/jp/album/%E4%BA%8C%E8%89%B2%E8%93%AE%E8%8A%B1%E8%9D%B6-red-and-white-feat-%E3%82%B3%E3%83%B3%E3%83%97/1438613129?i=1438613299&uo=4	深秘的楽曲集 (宇佐見菫子と秘密の部屋)	二色蓮花蝶 ~ Red and White	https://music.youtube.com/browse/MPREb_GduL76eIWi9	https://music.youtube.com/watch?v=EWLn8mFHOWs
深秘的楽曲集 (宇佐見菫子と秘密の部屋)	恋色マスタースパーク (feat.oiko)	黄昏フロンティア	2	2015-08-14 12:00:00 UTC	https://music.apple.com/jp/album/shinpitekigakkyokusyuu-usami-sumireko-to-himitsu-no-heya/1438613129?uo=4	https://music.apple.com/jp/album/%E6%81%8B%E8%89%B2%E3%83%9E%E3%82%B9%E3%82%BF%E3%83%BC%E3%82%B9%E3%83%91%E3%83%BC%E3%82%AF-feat-oiko/1438613129?i=1438613300&uo=4	深秘的楽曲集 (宇佐見菫子と秘密の部屋)	恋色マスタースパーク	https://music.youtube.com/browse/MPREb_GduL76eIWi9	https://music.youtube.com/watch?v=5pB9QyHnZt0
深秘的楽曲集 (宇佐見菫子と秘密の部屋)	時代親父とハイカラ少女 (feat.しゃばだば)	黄昏フロンティア	3	2015-08-14 12:00:00 UTC	https://music.apple.com/jp/album/shinpitekigakkyokusyuu-usami-sumireko-to-himitsu-no-heya/1438613129?uo=4	https://music.apple.com/jp/album/%E6%99%82%E4%BB%A3%E8%A6%AA%E7%88%B6%E3%81%A8%E3%83%8F%E3%82%A4%E3%82%AB%E3%83%A9%E5%B0%91%E5%A5%B3-feat-%E3%81%97%E3%82%83%E3%81%B0%E3%81%A0%E3%81%B0/1438613129?i=1438613302&uo=4	深秘的楽曲集 (宇佐見菫子と秘密の部屋)	時代親父とハイカラ少女	https://music.youtube.com/browse/MPREb_GduL76eIWi9	https://music.youtube.com/watch?v=DAkpHI63h_c
深秘的楽曲集 (宇佐見菫子と秘密の部屋)	感情の摩天楼 ~ Cosmic Mind (feat.NYO)	黄昏フロンティア	4	2015-08-14 12:00:00 UTC	https://music.apple.com/jp/album/shinpitekigakkyokusyuu-usami-sumireko-to-himitsu-no-heya/1438613129?uo=4	https://music.apple.com/jp/album/%E6%84%9F%E6%83%85%E3%81%AE%E6%91%A9%E5%A4%A9%E6%A5%BC-cosmic-mind-feat-nyo/1438613129?i=1438613305&uo=4	深秘的楽曲集 (宇佐見菫子と秘密の部屋)	感情の摩天楼 ~ Cosmic Mind	https://music.youtube.com/browse/MPREb_GduL76eIWi9	https://music.youtube.com/watch?v=JsQMRAFaDlQ
深秘的楽曲集 (宇佐見菫子と秘密の部屋)	大神神話伝 (feat.鯛の小骨)	黄昏フロンティア	5	2015-08-14 12:00:00 UTC	https://music.apple.com/jp/album/shinpitekigakkyokusyuu-usami-sumireko-to-himitsu-no-heya/1438613129?uo=4	https://music.apple.com/jp/album/%E5%A4%A7%E7%A5%9E%E7%A5%9E%E8%A9%B1%E4%BC%9D-feat-%E9%AF%9B%E3%81%AE%E5%B0%8F%E9%AA%A8/1438613129?i=1438613307&uo=4	深秘的楽曲集 (宇佐見菫子と秘密の部屋)	大神神話伝	https://music.youtube.com/browse/MPREb_GduL76eIWi9	https://music.youtube.com/watch?v=bJLYZckV0tU
深秘的楽曲集 (宇佐見菫子と秘密の部屋)	聖徳伝説 ~ True Administrator (feat.TAKA)	鷹	6	2015-08-14 12:00:00 UTC	https://music.apple.com/jp/album/shinpitekigakkyokusyuu-usami-sumireko-to-himitsu-no-heya/1438613129?uo=4	https://music.apple.com/jp/album/%E8%81%96%E5%BE%B3%E4%BC%9D%E8%AA%AC-true-administrator-feat-taka/1438613129?i=1438613309&uo=4	深秘的楽曲集 (宇佐見菫子と秘密の部屋)	聖徳伝説 ~ True Administrator	https://music.youtube.com/browse/MPREb_GduL76eIWi9	https://music.youtube.com/watch?v=1lxt022ir0o
深秘的楽曲集 (宇佐見菫子と秘密の部屋)	芥川龍之介の河童 ~ Candid Friend (feat.ゆうゆ)	黄昏フロンティア	7	2015-08-14 12:00:00 UTC	https://music.apple.com/jp/album/shinpitekigakkyokusyuu-usami-sumireko-to-himitsu-no-heya/1438613129?uo=4	https://music.apple.com/jp/album/%E8%8A%A5%E5%B7%9D%E9%BE%8D%E4%B9%8B%E4%BB%8B%E3%81%AE%E6%B2%B3%E7%AB%A5-candid-friend-feat-%E3%82%86%E3%81%86%E3%82%86/1438613129?i=1438613310&uo=4	深秘的楽曲集 (宇佐見菫子と秘密の部屋)	芥川龍之介の河童 ~ Candid Friend	https://music.youtube.com/browse/MPREb_GduL76eIWi9	https://music.youtube.com/watch?v=i07jBZrwssQ
深秘的楽曲集 (宇佐見菫子と秘密の部屋)	ハルトマンの妖怪少女 (feat.岸田)	黄昏フロンティア	8	2015-08-14 12:00:00 UTC	https://music.apple.com/jp/album/shinpitekigakkyokusyuu-usami-sumireko-to-himitsu-no-heya/1438613129?uo=4	https://music.apple.com/jp/album/%E3%83%8F%E3%83%AB%E3%83%88%E3%83%9E%E3%83%B3%E3%81%AE%E5%A6%96%E6%80%AA%E5%B0%91%E5%A5%B3-feat-%E5%B2%B8%E7%94%B0/1438613129?i=1438613313&uo=4	深秘的楽曲集 (宇佐見菫子と秘密の部屋)	ハルトマンの妖怪少女	https://music.youtube.com/browse/MPREb_GduL76eIWi9	https://music.youtube.com/watch?v=SR4POfzU1Bg
深秘的楽曲集 (宇佐見菫子と秘密の部屋)	幻想郷の二ッ岩 (feat.秀三)	黄昏フロンティア	9	2015-08-14 12:00:00 UTC	https://music.apple.com/jp/album/shinpitekigakkyokusyuu-usami-sumireko-to-himitsu-no-heya/1438613129?uo=4	https://music.apple.com/jp/album/%E5%B9%BB%E6%83%B3%E9%83%B7%E3%81%AE%E4%BA%8C%E3%83%83%E5%B2%A9-feat-%E7%A7%80%E4%B8%89/1438613129?i=1438613315&uo=4	深秘的楽曲集 (宇佐見菫子と秘密の部屋)	幻想郷の二ッ岩	https://music.youtube.com/browse/MPREb_GduL76eIWi9	https://music.youtube.com/watch?v=09lf7PH2-hw
深秘的楽曲集 (宇佐見菫子と秘密の部屋)	亡失のエモーション (feat.どぶウサギ)	黄昏フロンティア	10	2015-08-14 12:00:00 UTC	https://music.apple.com/jp/album/shinpitekigakkyokusyuu-usami-sumireko-to-himitsu-no-heya/1438613129?uo=4	https://music.apple.com/jp/album/%E4%BA%A1%E5%A4%B1%E3%81%AE%E3%82%A8%E3%83%A2%E3%83%BC%E3%82%B7%E3%83%A7%E3%83%B3-feat-%E3%81%A9%E3%81%B6%E3%82%A6%E3%82%B5%E3%82%AE/1438613129?i=1438613316&uo=4	深秘的楽曲集 (宇佐見菫子と秘密の部屋)	亡失のエモーション	https://music.youtube.com/browse/MPREb_GduL76eIWi9	https://music.youtube.com/watch?v=6qWewInjyxk
深秘的楽曲集 (宇佐見菫子と秘密の部屋)	月まで届け、不死の煙 (feat.ziki_7)	黄昏フロンティア	11	2015-08-14 12:00:00 UTC	https://music.apple.com/jp/album/shinpitekigakkyokusyuu-usami-sumireko-to-himitsu-no-heya/1438613129?uo=4	https://music.apple.com/jp/album/%E6%9C%88%E3%81%BE%E3%81%A7%E5%B1%8A%E3%81%91-%E4%B8%8D%E6%AD%BB%E3%81%AE%E7%85%99-feat-ziki-7/1438613129?i=1438613318&uo=4	深秘的楽曲集 (宇佐見菫子と秘密の部屋)	月まで届け、不死の煙	https://music.youtube.com/browse/MPREb_GduL76eIWi9	https://music.youtube.com/watch?v=a6zOd7zEG0k
深秘的楽曲集 (宇佐見菫子と秘密の部屋)	輝く針の小人族 ~ Little Princess (feat.あきやまうに)	黄昏フロンティア	12	2015-08-14 12:00:00 UTC	https://music.apple.com/jp/album/shinpitekigakkyokusyuu-usami-sumireko-to-himitsu-no-heya/1438613129?uo=4	https://music.apple.com/jp/album/%E8%BC%9D%E3%81%8F%E9%87%9D%E3%81%AE%E5%B0%8F%E4%BA%BA%E6%97%8F-little-princess-feat-%E3%81%82%E3%81%8D%E3%82%84%E3%81%BE%E3%81%86%E3%81%AB/1438613129?i=1438613320&uo=4	深秘的楽曲集 (宇佐見菫子と秘密の部屋)	輝く針の小人族 ~ Little Princess	https://music.youtube.com/browse/MPREb_GduL76eIWi9	https://music.youtube.com/watch?v=smcvvgzcYfk
深秘的楽曲集 (宇佐見菫子と秘密の部屋)	華狭間のバトルフィールド (Arrange Version) [feat.あきやまうに]	黄昏フロンティア	13	2015-08-14 12:00:00 UTC	https://music.apple.com/jp/album/shinpitekigakkyokusyuu-usami-sumireko-to-himitsu-no-heya/1438613129?uo=4	https://music.apple.com/jp/album/%E8%8F%AF%E7%8B%AD%E9%96%93%E3%81%AE%E3%83%90%E3%83%88%E3%83%AB%E3%83%95%E3%82%A3%E3%83%BC%E3%83%AB%E3%83%89-arrange-version-feat-%E3%81%82%E3%81%8D%E3%82%84%E3%81%BE%E3%81%86%E3%81%AB/1438613129?i=1438613321&uo=4	深秘的楽曲集 (宇佐見菫子と秘密の部屋)	華狭間のバトルフィールド (Arrange Version)	https://music.youtube.com/browse/MPREb_GduL76eIWi9	https://music.youtube.com/watch?v=5mNeE_zgXxY
深秘的楽曲集 (宇佐見菫子と秘密の部屋)	ラストオカルティズム ~ 現し世の秘術師 (Arrange Version) [feat.あきやまうに]	黄昏フロンティア	14	2015-08-14 12:00:00 UTC	https://music.apple.com/jp/album/shinpitekigakkyokusyuu-usami-sumireko-to-himitsu-no-heya/1438613129?uo=4	https://music.apple.com/jp/album/%E3%83%A9%E3%82%B9%E3%83%88%E3%82%AA%E3%82%AB%E3%83%AB%E3%83%86%E3%82%A3%E3%82%BA%E3%83%A0-%E7%8F%BE%E3%81%97%E4%B8%96%E3%81%AE%E7%A7%98%E8%A1%93%E5%B8%AB-arrange-version-feat-%E3%81%82%E3%81%8D%E3%82%84%E3%81%BE%E3%81%86%E3%81%AB/1438613129?i=1438613322&uo=4	深秘的楽曲集 (宇佐見菫子と秘密の部屋)	ラストオカルティズム ~ 現し世の秘術師 (Arrange Version)	https://music.youtube.com/browse/MPREb_GduL76eIWi9	https://music.youtube.com/watch?v=51vKLiDmnOQ
深秘的楽曲集 (宇佐見菫子と秘密の部屋)	明かされる深秘 (feat.あきやまうに)	黄昏フロンティア	15	2015-08-14 12:00:00 UTC	https://music.apple.com/jp/album/shinpitekigakkyokusyuu-usami-sumireko-to-himitsu-no-heya/1438613129?uo=4	https://music.apple.com/jp/album/%E6%98%8E%E3%81%8B%E3%81%95%E3%82%8C%E3%82%8B%E6%B7%B1%E7%A7%98-feat-%E3%81%82%E3%81%8D%E3%82%84%E3%81%BE%E3%81%86%E3%81%AB/1438613129?i=1438613323&uo=4	深秘的楽曲集 (宇佐見菫子と秘密の部屋)	明かされる深秘	https://music.youtube.com/browse/MPREb_GduL76eIWi9	https://music.youtube.com/watch?v=RoiG8D8ydvw
PUNK IT!TOUHOU!3 -IOSYS HITS PUNK COVERS- (IOSYS HITS PUNK COVERS)	お嫁にしなさいっ!(PUNK COVER)	IOSYS	1	2015-10-18 12:00:00 UTC	https://music.apple.com/jp/album/punk-it-touhou-3-iosys-hits-punk-covers/1437881815?uo=4	https://music.apple.com/jp/album/%E3%81%8A%E5%AB%81%E3%81%AB%E3%81%97%E3%81%AA%E3%81%95%E3%81%84%E3%81%A3-punk-cover/1437881815?i=1437881830&uo=4	PUNK IT!TOUHOU!3 -IOSYS HITS PUNK COVERS-	お嫁にしなさいっ！(PUNK IT 3)	https://music.youtube.com/browse/MPREb_NafD8swDpO9	https://music.youtube.com/watch?v=ZI16j46vCvU
PUNK IT!TOUHOU!3 -IOSYS HITS PUNK COVERS- (IOSYS HITS PUNK COVERS)	はたてのバッコイ殺人事件(PUNK COVER)	IOSYS	2	2015-10-18 12:00:00 UTC	https://music.apple.com/jp/album/punk-it-touhou-3-iosys-hits-punk-covers/1437881815?uo=4	https://music.apple.com/jp/album/%E3%81%AF%E3%81%9F%E3%81%A6%E3%81%AE%E3%83%90%E3%83%83%E3%82%B3%E3%82%A4%E6%AE%BA%E4%BA%BA%E4%BA%8B%E4%BB%B6-punk-cover/1437881815?i=1437881861&uo=4	PUNK IT!TOUHOU!3 -IOSYS HITS PUNK COVERS-	はたてのバッコイ殺人事件(PUNK IT 3)	https://music.youtube.com/browse/MPREb_NafD8swDpO9	https://music.youtube.com/watch?v=KvID4-2KWUc
PUNK IT!TOUHOU!3 -IOSYS HITS PUNK COVERS- (IOSYS HITS PUNK COVERS)	究極焼肉レストラン!お燐の地獄亭!(PUNK COVER)	IOSYS	3	2015-10-18 12:00:00 UTC	https://music.apple.com/jp/album/punk-it-touhou-3-iosys-hits-punk-covers/1437881815?uo=4	https://music.apple.com/jp/album/%E7%A9%B6%E6%A5%B5%E7%84%BC%E8%82%89%E3%83%AC%E3%82%B9%E3%83%88%E3%83%A9%E3%83%B3-%E3%81%8A%E7%87%90%E3%81%AE%E5%9C%B0%E7%8D%84%E4%BA%AD-punk-cover/1437881815?i=1437881862&uo=4	PUNK IT!TOUHOU!3 -IOSYS HITS PUNK COVERS-	究極焼肉レストラン！お燐の地獄亭！(PUNK IT 3)	https://music.youtube.com/browse/MPREb_NafD8swDpO9	https://music.youtube.com/watch?v=4cUtUfp_Cdk
PUNK IT!TOUHOU!3 -IOSYS HITS PUNK COVERS- (IOSYS HITS PUNK COVERS)	有頂天マゾヒスティック(PUNK COVER)	IOSYS	4	2015-10-18 12:00:00 UTC	https://music.apple.com/jp/album/punk-it-touhou-3-iosys-hits-punk-covers/1437881815?uo=4	https://music.apple.com/jp/album/%E6%9C%89%E9%A0%82%E5%A4%A9%E3%83%9E%E3%82%BE%E3%83%92%E3%82%B9%E3%83%86%E3%82%A3%E3%83%83%E3%82%AF-punk-cover/1437881815?i=1437881863&uo=4	PUNK IT!TOUHOU!3 -IOSYS HITS PUNK COVERS-	有頂天マゾヒスティック(PUNK IT 3)	https://music.youtube.com/browse/MPREb_NafD8swDpO9	https://music.youtube.com/watch?v=rmACqLD8YtU
PUNK IT!TOUHOU!3 -IOSYS HITS PUNK COVERS- (IOSYS HITS PUNK COVERS)	変身解除!キモけーね(PUNK COVER)	IOSYS	5	2015-10-18 12:00:00 UTC	https://music.apple.com/jp/album/punk-it-touhou-3-iosys-hits-punk-covers/1437881815?uo=4	https://music.apple.com/jp/album/%E5%A4%89%E8%BA%AB%E8%A7%A3%E9%99%A4-%E3%82%AD%E3%83%A2%E3%81%91%E3%83%BC%E3%81%AD-punk-cover/1437881815?i=1437881864&uo=4	PUNK IT!TOUHOU!3 -IOSYS HITS PUNK COVERS-	変身解除！キモけーね(PUNK IT 3)	https://music.youtube.com/browse/MPREb_NafD8swDpO9	https://music.youtube.com/watch?v=lOEq6duG3ps
PUNK IT!TOUHOU!3 -IOSYS HITS PUNK COVERS- (IOSYS HITS PUNK COVERS)	one-sided love(PUNK COVER)	IOSYS	6	2015-10-18 12:00:00 UTC	https://music.apple.com/jp/album/punk-it-touhou-3-iosys-hits-punk-covers/1437881815?uo=4	https://music.apple.com/jp/album/one-sided-love-punk-cover/1437881815?i=1437881865&uo=4	PUNK IT!TOUHOU!3 -IOSYS HITS PUNK COVERS-	one-sided love(PUNK IT 3)	https://music.youtube.com/browse/MPREb_NafD8swDpO9	https://music.youtube.com/watch?v=s5LvZP3t9Vg
PUNK IT!TOUHOU!3 -IOSYS HITS PUNK COVERS- (IOSYS HITS PUNK COVERS)	桜の記憶(PUNK COVER)	IOSYS	7	2015-10-18 12:00:00 UTC	https://music.apple.com/jp/album/punk-it-touhou-3-iosys-hits-punk-covers/1437881815?uo=4	https://music.apple.com/jp/album/%E6%A1%9C%E3%81%AE%E8%A8%98%E6%86%B6-punk-cover/1437881815?i=1437881866&uo=4	PUNK IT!TOUHOU!3 -IOSYS HITS PUNK COVERS-	桜の記憶(PUNK IT 3)	https://music.youtube.com/browse/MPREb_NafD8swDpO9	https://music.youtube.com/watch?v=qa7RFQvqEkk
PUNK IT!TOUHOU!3 -IOSYS HITS PUNK COVERS- (IOSYS HITS PUNK COVERS)	star river(PUNK COVER)	IOSYS	8	2015-10-18 12:00:00 UTC	https://music.apple.com/jp/album/punk-it-touhou-3-iosys-hits-punk-covers/1437881815?uo=4	https://music.apple.com/jp/album/star-river-punk-cover/1437881815?i=1437881867&uo=4	PUNK IT!TOUHOU!3 -IOSYS HITS PUNK COVERS-	star river(PUNK IT 3)	https://music.youtube.com/browse/MPREb_NafD8swDpO9	https://music.youtube.com/watch?v=C_4ku2BiXcg
0	Mushroom Magic	ぬまうおハウス	1	2016-05-08 12:00:00 UTC	https://music.apple.com/jp/album/000/1455474672?uo=4	https://music.apple.com/jp/album/mushroom-magic/1455474672?i=1455474676&uo=4	000	Mushroom Magic	https://music.youtube.com/browse/MPREb_h6n5vlgyrbI	https://music.youtube.com/watch?v=BqELWjQ6G6E
0	Kappa Factory	ぬまうおハウス	2	2016-05-08 12:00:00 UTC	https://music.apple.com/jp/album/000/1455474672?uo=4	https://music.apple.com/jp/album/kappa-factory/1455474672?i=1455474677&uo=4	000	Kappa Factory	https://music.youtube.com/browse/MPREb_h6n5vlgyrbI	https://music.youtube.com/watch?v=af_5AKBb_G8
0	Flowering Grave	ぬまうおハウス	3	2016-05-08 12:00:00 UTC	https://music.apple.com/jp/album/000/1455474672?uo=4	https://music.apple.com/jp/album/flowering-grave/1455474672?i=1455474678&uo=4	000	Flowering Grave	https://music.youtube.com/browse/MPREb_h6n5vlgyrbI	https://music.youtube.com/watch?v=zXblfmlyrdM
0	The Shrine	ぬまうおハウス	4	2016-05-08 12:00:00 UTC	https://music.apple.com/jp/album/000/1455474672?uo=4	https://music.apple.com/jp/album/the-shrine/1455474672?i=1455474679&uo=4	000	The Shrine	https://music.youtube.com/browse/MPREb_h6n5vlgyrbI	https://music.youtube.com/watch?v=N3xPAtx99ec
0	Hourai Sky	ぬまうおハウス	5	2016-05-08 12:00:00 UTC	https://music.apple.com/jp/album/000/1455474672?uo=4	https://music.apple.com/jp/album/hourai-sky/1455474672?i=1455474680&uo=4	000	Hourai Sky	https://music.youtube.com/browse/MPREb_h6n5vlgyrbI	https://music.youtube.com/watch?v=fU4KtR3j134
0	Onryou Paradise	ぬまうおハウス	6	2016-05-08 12:00:00 UTC	https://music.apple.com/jp/album/000/1455474672?uo=4	https://music.apple.com/jp/album/onryou-paradise/1455474672?i=1455474681&uo=4	000	Onryou Paradise	https://music.youtube.com/browse/MPREb_h6n5vlgyrbI	https://music.youtube.com/watch?v=HElx9MR6IMU
0	Shoutoku Philosophy	ぬまうおハウス	7	2016-05-08 12:00:00 UTC	https://music.apple.com/jp/album/000/1455474672?uo=4	https://music.apple.com/jp/album/shoutoku-philosophy/1455474672?i=1455474682&uo=4	000	Shoutoku Philosophy	https://music.youtube.com/browse/MPREb_h6n5vlgyrbI	https://music.youtube.com/watch?v=zTiQaPpFG6M
0	She Is Alice	ぬまうおハウス	8	2016-05-08 12:00:00 UTC	https://music.apple.com/jp/album/000/1455474672?uo=4	https://music.apple.com/jp/album/she-is-alice/1455474672?i=1455474683&uo=4	000	She Is Alice	https://music.youtube.com/browse/MPREb_h6n5vlgyrbI	https://music.youtube.com/watch?v=w3I7Qry6goQ
Liquid Total Reflection -THE BEST of ZYTOKINE/CYTOKINE2-	2 keys feat. cold kiss [2016 Remaster]	ZYTOKINE	12	2016-05-08 12:00:00 UTC	https://music.apple.com/jp/album/liquid-total-reflection-the-best-of-zytokine-cytokine15/1481289812?uo=4	https://music.apple.com/jp/album/2-keys-feat-cold-kiss-2016-remaster/1481289812?i=1481289824&uo=4	Liquid Total Reflection -THE BEST of ZYTOKINE/CYTOKINE2-	2 keys feat. cold kiss(Nana Takahashi)（feat. cold kiss）	https://music.youtube.com/browse/MPREb_OQgD7anVsxm	https://music.youtube.com/watch?v=KMeSqcMtedk
LOUD SPEAKER - EP	LOUD SPEAKER	ayame	1	2016-12-29 12:00:00 UTC	https://music.apple.com/jp/album/loud-speaker-ep/1437756832?uo=4	https://music.apple.com/jp/album/loud-speaker/1437756832?i=1437756833&uo=4	LOUD SPEAKER	LOUD SPEAKER	https://music.youtube.com/browse/MPREb_2GRUcrNccrS	https://music.youtube.com/watch?v=s6cQ4LpvYtQ
森羅万象に触れて (with senya) - EP	森羅万象に触れて (with senya)	幽閉サテライト	1	2016-12-29 12:00:00 UTC	https://music.apple.com/jp/album/shinrabanshou-ni-furete-with-senya-ep/1438501937?uo=4	https://music.apple.com/jp/album/%E6%A3%AE%E7%BE%85%E4%B8%87%E8%B1%A1%E3%81%AB%E8%A7%A6%E3%82%8C%E3%81%A6-with-senya/1438501937?i=1438501938&uo=4	森羅万象に触れて (-)	森羅万象に触れて	https://music.youtube.com/browse/MPREb_NGwoRWsOMaV	https://music.youtube.com/watch?v=y4DivqyxpG4
絶対ニーハイ宣言! - EP	絶対ニーハイ宣言!	黒崎れおん	1	2017-08-01 12:00:00 UTC	https://music.apple.com/jp/album/zettai-knee-high-sengen-ep/1455187649?uo=4	https://music.apple.com/jp/album/%E7%B5%B6%E5%AF%BE%E3%83%8B%E3%83%BC%E3%83%8F%E3%82%A4%E5%AE%A3%E8%A8%80/1455187649?i=1455187650&uo=4	絶対ニーハイ宣言!	絶対ニーハイ宣言!	https://music.youtube.com/browse/MPREb_seaHzdkEVCX	不明
瞬間エヴァーラスティング	緋色 (with 兎明)	幽閉サテライト	4	2017-08-01 07:00:00 UTC	https://music.apple.com/jp/album/shunkan-everlasting/1438504920?uo=4	https://music.apple.com/jp/album/%E7%B7%8B%E8%89%B2-with-%E5%85%8E%E6%98%8E/1438504920?i=1438504924&uo=4	不明	不明	不明	不明
鉄雪 - Single (with 兎明) - Single	鉄雪(with 兎明)	幽閉サテライト	1	2017-12-29 12:00:00 UTC	https://music.apple.com/jp/album/tetsuyuki-with-%E5%85%8E%E6%98%8E-single/1456071432?uo=4	https://music.apple.com/jp/album/%E9%89%84%E9%9B%AA-with-%E5%85%8E%E6%98%8E/1456071432?i=1456071433&uo=4	鉄雪	鉄雪(with 兎明)	https://music.youtube.com/browse/MPREb_X2SPD5KI0SX	https://music.youtube.com/watch?v=t5FTHxWJ67U
鉄雪 - Single (with 兎明) - Single	泡沫、哀のまほろば(with 兎明)	幽閉サテライト	2	2017-12-29 12:00:00 UTC	https://music.apple.com/jp/album/tetsuyuki-with-%E5%85%8E%E6%98%8E-single/1456071432?uo=4	https://music.apple.com/jp/album/%E6%B3%A1%E6%B2%AB-%E5%93%80%E3%81%AE%E3%81%BE%E3%81%BB%E3%82%8D%E3%81%B0-with-%E5%85%8E%E6%98%8E/1456071432?i=1456071434&uo=4	鉄雪	泡沫、哀のまほろば(with 兎明)	https://music.youtube.com/browse/MPREb_X2SPD5KI0SX	https://music.youtube.com/watch?v=gxg-giAbQJI
鉄雪 - Single (with 兎明) - Single	鉄雪(Instrumantal) [with 兎明]	幽閉サテライト	3	2017-12-29 12:00:00 UTC	https://music.apple.com/jp/album/tetsuyuki-with-%E5%85%8E%E6%98%8E-single/1456071432?uo=4	https://music.apple.com/jp/album/%E9%89%84%E9%9B%AA-instrumantal-with-%E5%85%8E%E6%98%8E/1456071432?i=1456071435&uo=4	鉄雪	鉄雪(Instrumantal) [with 兎明]	https://music.youtube.com/browse/MPREb_X2SPD5KI0SX	https://music.youtube.com/watch?v=iYvKbJA8dw4
灼熱を潜る翼 - Single (with senya) - Single	灼熱を潜る翼(with senya)	幽閉サテライト	1	2018-04-01 12:00:00 UTC	https://music.apple.com/jp/album/syakunetsu-wo-moguru-tsubasa-single-with-senya-single/1456071690?uo=4	https://music.apple.com/jp/album/%E7%81%BC%E7%86%B1%E3%82%92%E6%BD%9C%E3%82%8B%E7%BF%BC-with-senya/1456071690?i=1456071691&uo=4	灼熱を潜る翼	灼熱を潜る翼(with senya)	https://music.youtube.com/browse/MPREb_TLAsF7Me2gg	https://music.youtube.com/watch?v=Ao4VzGyljlg
灼熱を潜る翼 - Single (with senya) - Single	灼熱を潜る翼(Instrumantal) [with senya]	幽閉サテライト	2	2018-04-01 12:00:00 UTC	https://music.apple.com/jp/album/syakunetsu-wo-moguru-tsubasa-single-with-senya-single/1456071690?uo=4	https://music.apple.com/jp/album/%E7%81%BC%E7%86%B1%E3%82%92%E6%BD%9C%E3%82%8B%E7%BF%BC-instrumantal-with-senya/1456071690?i=1456071692&uo=4	灼熱を潜る翼	灼熱を潜る翼(Instrumantal) [with senya]	https://music.youtube.com/browse/MPREb_TLAsF7Me2gg	https://music.youtube.com/watch?v=bhlt99DeTs0
AR2【オーグメンテッド・リアリティ2】	銀河	あらいぐまファクトリー	19	2018-05-06 12:00:00 UTC	https://music.apple.com/jp/album/ar2-augmented-reality-2/1455474194?uo=4	https://music.apple.com/jp/album/%E9%8A%80%E6%B2%B3/1455474194?i=1455474366&uo=4	AR2【オーグメンテッド・リアリティ2】	銀河 (Instrumental)	https://music.youtube.com/browse/MPREb_orsfCvhJSVw	https://music.youtube.com/watch?v=EQu4ybF6rLE
Yabba Ragga Toho	XDXA (2018 Remaster)	天音	9	2018-05-06 12:00:00 UTC	https://music.apple.com/jp/album/yabba-ragga-toho/1490961094?uo=4	https://music.apple.com/jp/album/xdxa-2018-remaster/1490961094?i=1490961343&uo=4	Yabba Ragga Toho	XDXA	https://music.youtube.com/browse/MPREb_ZnqIMSBY1ZK	https://music.youtube.com/watch?v=idPzbK9Pgug
Edge - EP	Imaginary Line (feat.Rute)[東方アレンジ]	KOTOHGE MAI & 舞音KAGURA	1	2018-12-30 12:00:00 UTC	https://music.apple.com/jp/album/edge-ep/1460086706?uo=4	https://music.apple.com/jp/album/imaginary-line-feat-rute-%E6%9D%B1%E6%96%B9%E3%82%A2%E3%83%AC%E3%83%B3%E3%82%B8/1460086706?i=1460086707&uo=4	Edge	Imaginary Line feat.Rute<東方アレンジ>	https://music.youtube.com/browse/MPREb_UGZhVAD5vCt	https://music.youtube.com/watch?v=q2WXvUGnTWY
Edge - EP	Magical Star Scope (feat.うっちー)[東方アレンジ]	KOTOHGE MAI & 舞音KAGURA	2	2018-12-30 12:00:00 UTC	https://music.apple.com/jp/album/edge-ep/1460086706?uo=4	https://music.apple.com/jp/album/magical-star-scope-feat-%E3%81%86%E3%81%A3%E3%81%A1%E3%83%BC-%E6%9D%B1%E6%96%B9%E3%82%A2%E3%83%AC%E3%83%B3%E3%82%B8/1460086706?i=1460086708&uo=4	Edge	Magical Star Scope feat.うっちー<東方アレンジ>	https://music.youtube.com/browse/MPREb_UGZhVAD5vCt	https://music.youtube.com/watch?v=UnPJdMRfnE0
Edge - EP	誰かのためじゃなく (feat.TAM)[東方アレンジ]	KOTOHGE MAI & 舞音KAGURA	3	2018-12-30 12:00:00 UTC	https://music.apple.com/jp/album/edge-ep/1460086706?uo=4	https://music.apple.com/jp/album/%E8%AA%B0%E3%81%8B%E3%81%AE%E3%81%9F%E3%82%81%E3%81%98%E3%82%83%E3%81%AA%E3%81%8F-feat-tam-%E6%9D%B1%E6%96%B9%E3%82%A2%E3%83%AC%E3%83%B3%E3%82%B8/1460086706?i=1460086712&uo=4	Edge	誰かのためじゃなく feat.TAM<東方アレンジ>	https://music.youtube.com/browse/MPREb_UGZhVAD5vCt	https://music.youtube.com/watch?v=wQA-F-wjsJk
Edge - EP	ツミブクロタイム ~ 舞音KAGURA.ver (feat.東京アクティブNEETs)[東方アレンジ]	KOTOHGE MAI & 舞音KAGURA	4	2018-12-30 12:00:00 UTC	https://music.apple.com/jp/album/edge-ep/1460086706?uo=4	https://music.apple.com/jp/album/%E3%83%84%E3%83%9F%E3%83%96%E3%82%AF%E3%83%AD%E3%82%BF%E3%82%A4%E3%83%A0-%E8%88%9E%E9%9F%B3kagura-ver-feat-%E6%9D%B1%E4%BA%AC%E3%82%A2%E3%82%AF%E3%83%86%E3%82%A3%E3%83%96neets-%E6%9D%B1%E6%96%B9%E3%82%A2%E3%83%AC%E3%83%B3%E3%82%B8/1460086706?i=1460086715&uo=4	Edge	ツミブクロタイム ~ 舞音KAGURA.ver feat.東京アクティブNEETs<東方アレンジ>	https://music.youtube.com/browse/MPREb_UGZhVAD5vCt	https://music.youtube.com/watch?v=OKYC5PfU5zA
Edge - EP	ヨワムシノウタ (feat.lily-an)[東方アレンジ]	KOTOHGE MAI & 舞音KAGURA	5	2018-12-30 12:00:00 UTC	https://music.apple.com/jp/album/edge-ep/1460086706?uo=4	https://music.apple.com/jp/album/%E3%83%A8%E3%83%AF%E3%83%A0%E3%82%B7%E3%83%8E%E3%82%A6%E3%82%BF-feat-lily-an-%E6%9D%B1%E6%96%B9%E3%82%A2%E3%83%AC%E3%83%B3%E3%82%B8/1460086706?i=1460086716&uo=4	Edge	ヨワムシノウタ feat.lily-an<東方アレンジ>	https://music.youtube.com/browse/MPREb_UGZhVAD5vCt	https://music.youtube.com/watch?v=rQnBbqP-oAM
Edge - EP	Obey Obey (feat.抹)[東方アレンジ]	KOTOHGE MAI & 舞音KAGURA	6	2018-12-30 12:00:00 UTC	https://music.apple.com/jp/album/edge-ep/1460086706?uo=4	https://music.apple.com/jp/album/obey-obey-feat-%E6%8A%B9-%E6%9D%B1%E6%96%B9%E3%82%A2%E3%83%AC%E3%83%B3%E3%82%B8/1460086706?i=1460086718&uo=4	Edge	Obey Obey feat.抹<東方アレンジ>	https://music.youtube.com/browse/MPREb_UGZhVAD5vCt	https://music.youtube.com/watch?v=axlRPhd802o
サンド (-wani arrange collection-)	蛍	AdamKadmon	1	2018-12-30 12:00:00 UTC	https://music.apple.com/jp/album/sand-wani-arrange-collection/1455328534?uo=4	https://music.apple.com/jp/album/%E8%9B%8D/1455328534?i=1455328535&uo=4	サンド (-wani arrange collection-)	蛍 / Vo.Tamari	https://music.youtube.com/browse/MPREb_3je2quiLNIb	https://music.youtube.com/watch?v=kr1mMDKfIu0
サンド (-wani arrange collection-)	コア	AdamKadmon	2	2018-12-30 12:00:00 UTC	https://music.apple.com/jp/album/sand-wani-arrange-collection/1455328534?uo=4	https://music.apple.com/jp/album/%E3%82%B3%E3%82%A2/1455328534?i=1455328536&uo=4	サンド (-wani arrange collection-)	コア / Vo.Tamari	https://music.youtube.com/browse/MPREb_3je2quiLNIb	https://music.youtube.com/watch?v=pQGQpFA78SA
サンド (-wani arrange collection-)	砂時計	AdamKadmon	3	2018-12-30 12:00:00 UTC	https://music.apple.com/jp/album/sand-wani-arrange-collection/1455328534?uo=4	https://music.apple.com/jp/album/%E7%A0%82%E6%99%82%E8%A8%88/1455328534?i=1455328537&uo=4	サンド (-wani arrange collection-)	砂時計 / Vo.Tamari	https://music.youtube.com/browse/MPREb_3je2quiLNIb	https://music.youtube.com/watch?v=crglMgYL8dM
『spill over』(feat. Chata)	len~錬~	N+	1	2018-12-30 12:00:00 UTC	https://music.apple.com/jp/album/spill-over-feat-chata/1503311947?uo=4	https://music.apple.com/jp/album/len-%E9%8C%AC/1503311947?i=1503311949&uo=4	『spill over』feat.Chata	len~錬~	https://music.youtube.com/browse/MPREb_nPtq0uOVDwV	https://music.youtube.com/watch?v=XBXBev2vjCE
『spill over』(feat. Chata)	ann~庵~	N+	2	2018-12-30 12:00:00 UTC	https://music.apple.com/jp/album/spill-over-feat-chata/1503311947?uo=4	https://music.apple.com/jp/album/ann-%E5%BA%B5/1503311947?i=1503311951&uo=4	『spill over』feat.Chata	ann~庵~	https://music.youtube.com/browse/MPREb_nPtq0uOVDwV	https://music.youtube.com/watch?v=nYUSmEG38N8
『spill over』(feat. Chata)	bun~聞~	N+	3	2018-12-30 12:00:00 UTC	https://music.apple.com/jp/album/spill-over-feat-chata/1503311947?uo=4	https://music.apple.com/jp/album/bun-%E8%81%9E/1503311947?i=1503311952&uo=4	『spill over』feat.Chata	bun~聞~	https://music.youtube.com/browse/MPREb_nPtq0uOVDwV	https://music.youtube.com/watch?v=JkrV9sJ0_N0
『spill over』(feat. Chata)	easy game	N+	4	2018-12-30 12:00:00 UTC	https://music.apple.com/jp/album/spill-over-feat-chata/1503311947?uo=4	https://music.apple.com/jp/album/easy-game/1503311947?i=1503311953&uo=4	『spill over』feat.Chata	easy game	https://music.youtube.com/browse/MPREb_nPtq0uOVDwV	https://music.youtube.com/watch?v=TiM-rggpm2Y
『spill over』(feat. Chata)	len~錬~(off vocal)	N+	5	2018-12-30 12:00:00 UTC	https://music.apple.com/jp/album/spill-over-feat-chata/1503311947?uo=4	https://music.apple.com/jp/album/len-%E9%8C%AC-off-vocal/1503311947?i=1503311955&uo=4	『spill over』feat.Chata	len~錬~(off vocal)	https://music.youtube.com/browse/MPREb_nPtq0uOVDwV	https://music.youtube.com/watch?v=WQCF367FU0s
『spill over』(feat. Chata)	ann~庵~(off vocal)	N+	6	2018-12-30 12:00:00 UTC	https://music.apple.com/jp/album/spill-over-feat-chata/1503311947?uo=4	https://music.apple.com/jp/album/ann-%E5%BA%B5-off-vocal/1503311947?i=1503311957&uo=4	『spill over』feat.Chata	ann~庵~(off vocal)	https://music.youtube.com/browse/MPREb_nPtq0uOVDwV	https://music.youtube.com/watch?v=in3ZVVsixlY
『spill over』(feat. Chata)	bun~聞~(off vocal)	N+	7	2018-12-30 12:00:00 UTC	https://music.apple.com/jp/album/spill-over-feat-chata/1503311947?uo=4	https://music.apple.com/jp/album/bun-%E8%81%9E-off-vocal/1503311947?i=1503311958&uo=4	『spill over』feat.Chata	bun~聞~(off vocal)	https://music.youtube.com/browse/MPREb_nPtq0uOVDwV	https://music.youtube.com/watch?v=0r2Q5VV7P7c
『spill over』(feat. Chata)	easy game(off vocal)	N+	8	2018-12-30 12:00:00 UTC	https://music.apple.com/jp/album/spill-over-feat-chata/1503311947?uo=4	https://music.apple.com/jp/album/easy-game-off-vocal/1503311947?i=1503311959&uo=4	『spill over』feat.Chata	easy game(off vocal)	https://music.youtube.com/browse/MPREb_nPtq0uOVDwV	https://music.youtube.com/watch?v=LK02IvVSdb8
「彷徨いの冥」 Orig.Ver.(幻想万華鏡挿入歌「必然のカタストロフィ」、アニメMV使用曲「彷徨いの冥」収録)	嘘月 (with 姫城碧海)	少女フラクタル	19	2018-12-30 12:00:00 UTC	https://music.apple.com/jp/album/samayoi-no-mei-gensoumangekyou-sounyuuka-hitsuzen-no/1455801600?uo=4	https://music.apple.com/jp/album/%E5%98%98%E6%9C%88-with-%E5%A7%AB%E5%9F%8E%E7%A2%A7%E6%B5%B7/1455801600?i=1455801616&uo=4	3in1CD「彷徨いの冥」 Orig.Ver.(幻想万華鏡挿入歌「必然のカタストロフィ」、アニメMV使用曲「彷徨いの冥」収録)	嘘月 (with 姫城碧海)	https://music.youtube.com/browse/MPREb_3layBZMA2Ze	https://music.youtube.com/watch?v=2U2NlHhFepo
サヨナラダイアリー ~ their whereabouts - Single (with 姫城碧海) - Single	サヨナラダイアリー ~ their whereabouts (with 姫城碧海)	少女フラクタル	1	2018-12-30 12:00:00 UTC	https://music.apple.com/jp/album/sayonara-diary-their-whereabouts-single-with-%E5%A7%AB%E5%9F%8E%E7%A2%A7%E6%B5%B7-single/1455801449?uo=4	https://music.apple.com/jp/album/%E3%82%B5%E3%83%A8%E3%83%8A%E3%83%A9%E3%83%80%E3%82%A4%E3%82%A2%E3%83%AA%E3%83%BC-their-whereabouts-with-%E5%A7%AB%E5%9F%8E%E7%A2%A7%E6%B5%B7/1455801449?i=1455801450&uo=4	サヨナラダイアリー ~ their whereabouts	サヨナラダイアリー ~ their whereabouts (with 姫城碧海)	https://music.youtube.com/browse/MPREb_LgQrgRSuAfj	https://music.youtube.com/watch?v=-PAWIMVD81U
サヨナラダイアリー ~ their whereabouts - Single (with 姫城碧海) - Single	サヨナラダイアリー ~ their whereabouts (Instrumental) [with 姫城碧海]	少女フラクタル	2	2018-12-30 12:00:00 UTC	https://music.apple.com/jp/album/sayonara-diary-their-whereabouts-single-with-%E5%A7%AB%E5%9F%8E%E7%A2%A7%E6%B5%B7-single/1455801449?uo=4	https://music.apple.com/jp/album/%E3%82%B5%E3%83%A8%E3%83%8A%E3%83%A9%E3%83%80%E3%82%A4%E3%82%A2%E3%83%AA%E3%83%BC-their-whereabouts-instrumental-with-%E5%A7%AB%E5%9F%8E%E7%A2%A7%E6%B5%B7/1455801449?i=1455801454&uo=4	サヨナラダイアリー ~ their whereabouts	サヨナラダイアリー ~ their whereabouts (Instrumental) [with 姫城碧海]	https://music.youtube.com/browse/MPREb_LgQrgRSuAfj	https://music.youtube.com/watch?v=7JA8zOtsnCw
届かぬ願いの果てに - Single (with Yuzurisa) - Single	届かぬ願いの果てに(with Yuzurisa)	幽閉サテライト	1	2018-12-30 12:00:00 UTC	https://music.apple.com/jp/album/todokanu-negai-no-hateni-single-with-yuzurisa-single/1456073307?uo=4	https://music.apple.com/jp/album/%E5%B1%8A%E3%81%8B%E3%81%AC%E9%A1%98%E3%81%84%E3%81%AE%E6%9E%9C%E3%81%A6%E3%81%AB-with-yuzurisa/1456073307?i=1456073308&uo=4	届かぬ願いの果てに	届かぬ願いの果てに(with Yuzurisa)	https://music.youtube.com/browse/MPREb_scQUsY0Hcbt	https://music.youtube.com/watch?v=djy0lr3nRkk
届かぬ願いの果てに - Single (with Yuzurisa) - Single	届かぬ願いの果てに(Instrumental) [with Yuzurisa]	幽閉サテライト	2	2018-12-30 12:00:00 UTC	https://music.apple.com/jp/album/todokanu-negai-no-hateni-single-with-yuzurisa-single/1456073307?uo=4	https://music.apple.com/jp/album/%E5%B1%8A%E3%81%8B%E3%81%AC%E9%A1%98%E3%81%84%E3%81%AE%E6%9E%9C%E3%81%A6%E3%81%AB-instrumental-with-yuzurisa/1456073307?i=1456073310&uo=4	届かぬ願いの果てに	届かぬ願いの果てに(Instrumental) [with Yuzurisa]	https://music.youtube.com/browse/MPREb_scQUsY0Hcbt	https://music.youtube.com/watch?v=2pYYyz4YdsA
Showcase I	Hydrangea Alternation feat.うきね	少女理論観測所	1	2019-05-05 12:00:00 UTC	https://music.apple.com/jp/album/showcase-i/1481180076?uo=4	https://music.apple.com/jp/album/hydrangea-alternation-feat-%E3%81%86%E3%81%8D%E3%81%AD/1481180076?i=1481180077&uo=4	showcase i	ハイドレンジアオルタネイション feat.うきね	https://music.youtube.com/browse/MPREb_QfjeaDdwfap	https://music.youtube.com/watch?v=WgQrFvFmdpk
Showcase I	Afterword	少女理論観測所	8	2019-05-05 12:00:00 UTC	https://music.apple.com/jp/album/showcase-i/1481180076?uo=4	https://music.apple.com/jp/album/afterword/1481180076?i=1481180089&uo=4	不明	不明	https://music.youtube.com/browse/MPREb_QfjeaDdwfap	不明
Showcase I	Hydrangea Alternation(Off Vocal)	少女理論観測所	9	2019-05-05 12:00:00 UTC	https://music.apple.com/jp/album/showcase-i/1481180076?uo=4	https://music.apple.com/jp/album/hydrangea-alternation-off-vocal/1481180076?i=1481180090&uo=4	showcase i	ハイドレンジアオルタネイション(Off Vocal)	https://music.youtube.com/browse/MPREb_QfjeaDdwfap	https://music.youtube.com/watch?v=w_VtKRqRiSI
幻想万華鏡~花の異変の章~オリジナル・サウンドトラック	華鳥風月(OP ver.)	幽閉サテライト	2	2012-08-15 12:00:00 UTC	https://music.apple.com/jp/album/gensou-mangekyou-hana-no-ihen-no-syou-original-soundtrack/1481302767?uo=4	https://music.apple.com/jp/album/%E8%8F%AF%E9%B3%A5%E9%A2%A8%E6%9C%88-op-ver/1481302767?i=1481302769&uo=4	不明	不明	不明	不明
射命丸	INTO ORBIT	SOUND HOLIC	1	2019-12-31 12:00:00 UTC	https://music.apple.com/jp/album/shameimaru/1528112016?uo=4	https://music.apple.com/jp/album/into-orbit/1528112016?i=1528112017&uo=4	射命丸 -SHAMEIMARU-	INTO ORBIT	https://music.youtube.com/browse/MPREb_GG9K4ipR3Tf	https://music.youtube.com/watch?v=OyGUxE9s9ek
射命丸	STARVING RAVEN (feat. Nana Takahashi)	SOUND HOLIC	2	2019-12-31 12:00:00 UTC	https://music.apple.com/jp/album/shameimaru/1528112016?uo=4	https://music.apple.com/jp/album/starving-raven-feat-nana-takahashi/1528112016?i=1528112018&uo=4	射命丸 -SHAMEIMARU-	STARVING RAVEN（feat. Nana Takahashi）	https://music.youtube.com/browse/MPREb_GG9K4ipR3Tf	https://music.youtube.com/watch?v=20G7kemT60c
射命丸	ブレイクプロミネンス (feat. 小寺可南子)	SOUND HOLIC	3	2019-12-31 12:00:00 UTC	https://music.apple.com/jp/album/shameimaru/1528112016?uo=4	https://music.apple.com/jp/album/%E3%83%96%E3%83%AC%E3%82%A4%E3%82%AF%E3%83%97%E3%83%AD%E3%83%9F%E3%83%8D%E3%83%B3%E3%82%B9-feat-%E5%B0%8F%E5%AF%BA%E5%8F%AF%E5%8D%97%E5%AD%90/1528112016?i=1528112019&uo=4	射命丸 -SHAMEIMARU-	ブレイクプロミネンス (feat. 小寺可南子)	https://music.youtube.com/browse/MPREb_GG9K4ipR3Tf	https://music.youtube.com/watch?v=RYqnDDND81s
射命丸	DARKLIGHT FALLS (feat. YURiCa & 花たん)	SOUND HOLIC	4	2019-12-31 12:00:00 UTC	https://music.apple.com/jp/album/shameimaru/1528112016?uo=4	https://music.apple.com/jp/album/darklight-falls-feat-yurica-%E8%8A%B1%E3%81%9F%E3%82%93/1528112016?i=1528112020&uo=4	射命丸 -SHAMEIMARU-	DARKLIGHT FALLS（feat. YURiCa/HaNaTaN）	https://music.youtube.com/browse/MPREb_GG9K4ipR3Tf	https://music.youtube.com/watch?v=ZNgXTnUR3mM
射命丸	Truth Or Dare (feat. 天音)	SOUND HOLIC	5	2019-12-31 12:00:00 UTC	https://music.apple.com/jp/album/shameimaru/1528112016?uo=4	https://music.apple.com/jp/album/truth-or-dare-feat-%E5%A4%A9%E9%9F%B3/1528112016?i=1528112021&uo=4	射命丸 -SHAMEIMARU-	Truth Or Dare (天音(Rolling Contact))	https://music.youtube.com/browse/MPREb_GG9K4ipR3Tf	https://music.youtube.com/watch?v=r7BwSiixKiU
射命丸	MOTHER (feat. aki & 隣人)	SOUND HOLIC	6	2019-12-31 12:00:00 UTC	https://music.apple.com/jp/album/shameimaru/1528112016?uo=4	https://music.apple.com/jp/album/mother-feat-aki-%E9%9A%A3%E4%BA%BA/1528112016?i=1528112022&uo=4	射命丸 -SHAMEIMARU-	MOTHER (feat. aki/隣人(ZYTOKINE))	https://music.youtube.com/browse/MPREb_GG9K4ipR3Tf	https://music.youtube.com/watch?v=osZ0kGBXzYc
射命丸	Vampirish Nightscape	SOUND HOLIC	7	2019-12-31 12:00:00 UTC	https://music.apple.com/jp/album/shameimaru/1528112016?uo=4	https://music.apple.com/jp/album/vampirish-nightscape/1528112016?i=1528112023&uo=4	射命丸 -SHAMEIMARU-	Vampirish Nightscape	https://music.youtube.com/browse/MPREb_GG9K4ipR3Tf	https://music.youtube.com/watch?v=yQGavZJB44g
射命丸	BANG THE FIRE GONG !! (feat. Nana Takahashi & ARM)	SOUND HOLIC	8	2019-12-31 12:00:00 UTC	https://music.apple.com/jp/album/shameimaru/1528112016?uo=4	https://music.apple.com/jp/album/bang-the-fire-gong-feat-nana-takahashi-arm/1528112016?i=1528112024&uo=4	射命丸 -SHAMEIMARU-	BANG THE FIRE GONG !! (feat. Nana Takahashi/ARM(IOSYS))	https://music.youtube.com/browse/MPREb_GG9K4ipR3Tf	https://music.youtube.com/watch?v=up4R49tk4u4
射命丸	狂想PARADOX (feat. 709sec.)	SOUND HOLIC	9	2019-12-31 12:00:00 UTC	https://music.apple.com/jp/album/shameimaru/1528112016?uo=4	https://music.apple.com/jp/album/%E7%8B%82%E6%83%B3paradox-feat-709sec/1528112016?i=1528112025&uo=4	射命丸 -SHAMEIMARU-	狂想PARADOX（feat. 709sec.）	https://music.youtube.com/browse/MPREb_GG9K4ipR3Tf	https://music.youtube.com/watch?v=0a2ps8xgsJM
射命丸	コーヴァスの翼 (feat. Risa Yuzuki)	SOUND HOLIC	10	2019-12-31 12:00:00 UTC	https://music.apple.com/jp/album/shameimaru/1528112016?uo=4	https://music.apple.com/jp/album/%E3%82%B3%E3%83%BC%E3%83%B4%E3%82%A1%E3%82%B9%E3%81%AE%E7%BF%BC-feat-risa-yuzuki/1528112016?i=1528112026&uo=4	射命丸 -SHAMEIMARU-	コーヴァスの翼（feat. Risa Yuzuki）	https://music.youtube.com/browse/MPREb_GG9K4ipR3Tf	https://music.youtube.com/watch?v=8VQywqPW2T4
射命丸	Euphoria (feat. Nana Takahashi & 隣人)	SOUND HOLIC	11	2019-12-31 12:00:00 UTC	https://music.apple.com/jp/album/shameimaru/1528112016?uo=4	https://music.apple.com/jp/album/euphoria-feat-nana-takahashi-%E9%9A%A3%E4%BA%BA/1528112016?i=1528112027&uo=4	射命丸 -SHAMEIMARU-	Euphoria (feat. Nana Takahashi/隣人(ZYTOKINE))	https://music.youtube.com/browse/MPREb_GG9K4ipR3Tf	https://music.youtube.com/watch?v=7k2tAYvVe8s
射命丸	Border of Life	SOUND HOLIC	12	2019-12-31 12:00:00 UTC	https://music.apple.com/jp/album/shameimaru/1528112016?uo=4	https://music.apple.com/jp/album/border-of-life/1528112016?i=1528112028&uo=4	射命丸 -SHAMEIMARU-	Border of Life	https://music.youtube.com/browse/MPREb_GG9K4ipR3Tf	https://music.youtube.com/watch?v=ilChW-ynUI4
東方俗楽譚 -其の参-	繋風捕影	Rolling Contact	2	2020-03-22 07:00:00 UTC	https://music.apple.com/jp/album/toho-zokugakutan-3/1528136090?uo=4	https://music.apple.com/jp/album/%E7%B9%8B%E9%A2%A8%E6%8D%95%E5%BD%B1/1528136090?i=1528136092&uo=4	東方俗楽譚 -其の参-	繋風捕影 ~wind comes round	https://music.youtube.com/browse/MPREb_il8lcIVxIS2	https://music.youtube.com/watch?v=g3laN-AXbUA
東方俗楽譚 -其の参-	雲心月性	Rolling Contact	13	2020-03-22 07:00:00 UTC	https://music.apple.com/jp/album/toho-zokugakutan-3/1528136090?uo=4	https://music.apple.com/jp/album/%E9%9B%B2%E5%BF%83%E6%9C%88%E6%80%A7/1528136090?i=1528136103&uo=4	東方俗楽譚 -其の参-	雲心月性 ~Calm feelings	https://music.youtube.com/browse/MPREb_il8lcIVxIS2	https://music.youtube.com/watch?v=JiDKJC4BnMc
『東方LostWord』テーマ曲 ロストワードクロニカル - Single	『東方LostWord』テーマ曲 ロストワードクロニカル	いとうかなこ	1	2020-03-31 12:00:00 UTC	https://music.apple.com/jp/album/touhou-lostword-theme-song-lostword-chronicle-single/1503320375?uo=4	https://music.apple.com/jp/album/%E6%9D%B1%E6%96%B9lostword-%E3%83%86%E3%83%BC%E3%83%9E%E6%9B%B2-%E3%83%AD%E3%82%B9%E3%83%88%E3%83%AF%E3%83%BC%E3%83%89%E3%82%AF%E3%83%AD%E3%83%8B%E3%82%AB%E3%83%AB/1503320375?i=1503320407&uo=4	『東方LostWord』テーマ曲	『東方LostWord』テーマ曲 ロストワードクロニカル	https://music.youtube.com/browse/MPREb_1QIvnOv08m5	https://music.youtube.com/watch?v=SvjKpFotpeI
#GENSOKYOholoism	[Episode 0] Roujinkai hicchou, Inishie no Touhou arrange shibari utawaku	COOL&CREATE	1	2020-07-10 12:00:00 UTC	https://music.apple.com/jp/album/gensokyoholoism/1522016421?uo=4	https://music.apple.com/jp/album/episode-0-roujinkai-hicchou-inishie-no-touhou-arrange/1522016421?i=1522016422&uo=4	#幻想郷ホロイズム	【第0話】老人会必聴・古の東方アレンジ縛り歌枠	https://music.youtube.com/browse/MPREb_MVfGVRCy7Uv	https://music.youtube.com/watch?v=Ag5XfFNW-KI
#GENSOKYOholoism	Hoihoi*genso holoism (Houshou Marine with Holoism fantasy)	COOL&CREATE	2	2020-07-10 12:00:00 UTC	https://music.apple.com/jp/album/gensokyoholoism/1522016421?uo=4	https://music.apple.com/jp/album/hoihoi-genso-holoism-houshou-marine-with-holoism-fantasy/1522016421?i=1522016423&uo=4	#幻想郷ホロイズム	ホイホイ☆幻想ホロイズム(宝鐘マリン with ホロイズムファンタジー)	https://music.youtube.com/browse/MPREb_MVfGVRCy7Uv	https://music.youtube.com/watch?v=_DHKl_umr88
#GENSOKYOholoism	Captain Marine no ketsu anchor (Houshou Marine)	COOL&CREATE	3	2020-07-10 12:00:00 UTC	https://music.apple.com/jp/album/gensokyoholoism/1522016421?uo=4	https://music.apple.com/jp/album/captain-marine-no-ketsu-anchor-houshou-marine/1522016421?i=1522016424&uo=4	#幻想郷ホロイズム	キャプテン・マリンのケツアンカー(宝鐘マリン)	https://music.youtube.com/browse/MPREb_MVfGVRCy7Uv	https://music.youtube.com/watch?v=e9XRek0V-Zo
#GENSOKYOholoism	[Episode 1] #Marine meisochu. Kono chikurin, nukedaserunoka...!?	COOL&CREATE	4	2020-07-10 12:00:00 UTC	https://music.apple.com/jp/album/gensokyoholoism/1522016421?uo=4	https://music.apple.com/jp/album/episode-1-marine-meisochu-kono-chikurin-nukedaserunoka/1522016421?i=1522016425&uo=4	#幻想郷ホロイズム	【第1話】#マリン迷走中 この竹林、抜け出せるのか…!?	https://music.youtube.com/browse/MPREb_MVfGVRCy7Uv	https://music.youtube.com/watch?v=rVLXT2guhsc
#GENSOKYOholoism	Shiawase usagi PekoMikoMarine (Usada Pekora,Sakura Miko,Houshou Marine)	COOL&CREATE	5	2020-07-10 12:00:00 UTC	https://music.apple.com/jp/album/gensokyoholoism/1522016421?uo=4	https://music.apple.com/jp/album/shiawase-usagi-pekomikomarine-usada-pekora-sakura-miko/1522016421?i=1522016426&uo=4	#幻想郷ホロイズム	シアワセうさぎ・ぺこみこマリン(兎田ぺこら、さくらみこ、宝鐘マリン)	https://music.youtube.com/browse/MPREb_MVfGVRCy7Uv	https://music.youtube.com/watch?v=ZpLC1VcS2ls
#GENSOKYOholoism	[Episode 2] Sanmajoteirei meeting kaijo ha kochira	COOL&CREATE	6	2020-07-10 12:00:00 UTC	https://music.apple.com/jp/album/gensokyoholoism/1522016421?uo=4	https://music.apple.com/jp/album/episode-2-sanmajoteirei-meeting-kaijo-ha-kochira/1522016421?i=1522016427&uo=4	#幻想郷ホロイズム	【第2話】三魔女定例ミーティング会場はこちら	https://music.youtube.com/browse/MPREb_MVfGVRCy7Uv	https://music.youtube.com/watch?v=DxHJArvrdLA
#GENSOKYOholoism	Earphones romance (Houshou Marine)	COOL&CREATE	7	2020-07-10 12:00:00 UTC	https://music.apple.com/jp/album/gensokyoholoism/1522016421?uo=4	https://music.apple.com/jp/album/earphones-romance-houshou-marine/1522016421?i=1522016428&uo=4	#幻想郷ホロイズム	イヤホンロマンス(宝鐘マリン)	https://music.youtube.com/browse/MPREb_MVfGVRCy7Uv	https://music.youtube.com/watch?v=a7aAp_O3GEg
#GENSOKYOholoism	[Episode 3] Gensokyo gakkari meisho kankou!!	COOL&CREATE	8	2020-07-10 12:00:00 UTC	https://music.apple.com/jp/album/gensokyoholoism/1522016421?uo=4	https://music.apple.com/jp/album/episode-3-gensokyo-gakkari-meisho-kankou/1522016421?i=1522016429&uo=4	#幻想郷ホロイズム	【第3話】幻想郷がっかり名所観光!!	https://music.youtube.com/browse/MPREb_MVfGVRCy7Uv	https://music.youtube.com/watch?v=9ny-aHTUyN0
#GENSOKYOholoism	[Episode 4] Shuku, Gensokyo Tokusetsuhaishin room yori hatsuhaishin!	COOL&CREATE	9	2020-07-10 12:00:00 UTC	https://music.apple.com/jp/album/gensokyoholoism/1522016421?uo=4	https://music.apple.com/jp/album/episode-4-shuku-gensokyo-tokusetsuhaishin-room-yori/1522016421?i=1522016430&uo=4	#幻想郷ホロイズム	【第4話】祝・幻想郷特設配信ルームより初配信!	https://music.youtube.com/browse/MPREb_MVfGVRCy7Uv	https://music.youtube.com/watch?v=_ot-897i5Ks
#GENSOKYOholoism	Over the Border (Houshou Marine feat.Shiranui Flare) [with Shiranui Flare]	COOL&CREATE	10	2020-07-10 12:00:00 UTC	https://music.apple.com/jp/album/gensokyoholoism/1522016421?uo=4	https://music.apple.com/jp/album/over-border-houshou-marine-feat-shiranui-flare-shiranui/1522016421?i=1522016431&uo=4	#幻想郷ホロイズム	Over the Border(宝鐘マリン feat.不知火フレア)	https://music.youtube.com/browse/MPREb_MVfGVRCy7Uv	https://music.youtube.com/watch?v=DothgjR_sz8
#GENSOKYOholoism	[Episode 5] Arigato Gensokyo	COOL&CREATE	11	2020-07-10 12:00:00 UTC	https://music.apple.com/jp/album/gensokyoholoism/1522016421?uo=4	https://music.apple.com/jp/album/episode-5-arigato-gensokyo/1522016421?i=1522016432&uo=4	#幻想郷ホロイズム	【第5話】ありがとう幻想郷	https://music.youtube.com/browse/MPREb_MVfGVRCy7Uv	https://music.youtube.com/watch?v=blp8LZkJCsk
#GENSOKYOholoism	Help me, ERINNNNNN!! #Gensokyo holoism ver. (Houshou Marine to yukaina nakamatachi)	COOL&CREATE	12	2020-07-10 12:00:00 UTC	https://music.apple.com/jp/album/gensokyoholoism/1522016421?uo=4	https://music.apple.com/jp/album/help-me-erinnnnnn-gensokyo-holoism-ver-houshou-marine/1522016421?i=1522016433&uo=4	#幻想郷ホロイズム	Help me, ERINNNNNN!! #幻想郷ホロイズムver.(宝鐘マリンと愉快な仲間たち)	https://music.youtube.com/browse/MPREb_MVfGVRCy7Uv	https://music.youtube.com/watch?v=z0UWtRj6pAk
the TOHO Creation EP (~Mountain of Faith~)	Disastic spin feat.にーえぬ	ClumsyRecord	1	2020-12-21 08:00:00 UTC	https://music.apple.com/jp/album/the-toho-creation-ep-mountain-of-faith/1545324640?uo=4	https://music.apple.com/jp/album/disastic-spin-feat-%E3%81%AB%E3%83%BC%E3%81%88%E3%81%AC/1545324640?i=1545324641&uo=4	the TOHO Creation EP	Disastic spin feat.にーえぬ	https://music.youtube.com/browse/MPREb_T3W1askOxSp	https://music.youtube.com/watch?v=Te4x7xSLEwU
the TOHO Creation EP (~Mountain of Faith~)	Ever Green feat.ガネメ	ClumsyRecord	2	2020-12-21 08:00:00 UTC	https://music.apple.com/jp/album/the-toho-creation-ep-mountain-of-faith/1545324640?uo=4	https://music.apple.com/jp/album/ever-green-feat-%E3%82%AC%E3%83%8D%E3%83%A1/1545324640?i=1545324642&uo=4	the TOHO Creation EP	Ever Green feat.ガネメ	https://music.youtube.com/browse/MPREb_T3W1askOxSp	https://music.youtube.com/watch?v=f_fs8CNP6Hg
the TOHO Creation EP (~Mountain of Faith~)	Electricfield feat.K2HAmu	ClumsyRecord	3	2020-12-21 08:00:00 UTC	https://music.apple.com/jp/album/the-toho-creation-ep-mountain-of-faith/1545324640?uo=4	https://music.apple.com/jp/album/electricfield-feat-k2hamu/1545324640?i=1545324643&uo=4	the TOHO Creation EP	Electricfield feat.K2HAmu	https://music.youtube.com/browse/MPREb_T3W1askOxSp	https://music.youtube.com/watch?v=_LFtPzMmp-I
the TOHO Creation EP (~Mountain of Faith~)	Autumn Leaves feat.Sanotch	ClumsyRecord	4	2020-12-21 08:00:00 UTC	https://music.apple.com/jp/album/the-toho-creation-ep-mountain-of-faith/1545324640?uo=4	https://music.apple.com/jp/album/autumn-leaves-feat-sanotch/1545324640?i=1545324644&uo=4	the TOHO Creation EP	Autumn Leaves feat.Sanotch	https://music.youtube.com/browse/MPREb_T3W1askOxSp	https://music.youtube.com/watch?v=AJ8VkmGRv6I
the TOHO Creation EP (~Mountain of Faith~)	Grave of Beat	ClumsyRecord	5	2020-12-21 08:00:00 UTC	https://music.apple.com/jp/album/the-toho-creation-ep-mountain-of-faith/1545324640?uo=4	https://music.apple.com/jp/album/grave-of-beat/1545324640?i=1545324645&uo=4	the TOHO Creation EP	Grave of Beat	https://music.youtube.com/browse/MPREb_T3W1askOxSp	https://music.youtube.com/watch?v=OwLxN2R0Z2I
